"Term"	"P.value"	"Adjusted.P.value"	"Odds.Ratio"	"Combined.Score"	"Genes"	"db"	"module"	"term_size"	"overlapping"
"Modulation Of Chemical Synaptic Transmission (GO:0050804)"	2.79372856939386e-06	0.00172093679874662	12.8372265480163	164.16416621781	"GRM7;NRG3;GRM8;TMEM108;GRIK1;LRRC4C;GRIA4"	"GO_Biological_Process_2023"	"Module 1"	"123"	"7"
"Chemical Synaptic Transmission (GO:0007268)"	9.28096453097957e-06	0.00222507687412228	7.35614385614386	85.2396485483205	"CHRM2;GRM7;KCND2;NRXN1;KCNQ3;LIN7A;GRIK1;GRIA4;SNCA"	"GO_Biological_Process_2023"	"Module 1"	"273"	"9"
"Nervous System Development (GO:0007399)"	1.08364133479981e-05	0.00222507687412228	5.70472336120134	65.2198116774874	"CHRM2;RBFOX1;SEMA6A;ACVR1C;RBFOX3;ERBB4;NRXN1;LSAMP;GRIK1;LDB2;MDGA2"	"GO_Biological_Process_2023"	"Module 1"	"433"	"11"
"Cell-Cell Adhesion Via Plasma-Membrane Adhesion Molecules (GO:0098742)"	2.51680987811514e-05	0.00299178357281193	9.00260671228413	95.337004490253	"PTPRD;PTPRT;CRB1;TENM2;TENM4;LRRC4C;CDH18"	"GO_Biological_Process_2023"	"Module 1"	"172"	"7"
"Glutamate Receptor Signaling Pathway (GO:0007215)"	2.73467047790359e-05	0.00299178357281193	26.7056451612903	280.593930904561	"GRM7;GRM8;GRIK1;GRIA4"	"GO_Biological_Process_2023"	"Module 1"	"35"	"4"
"Regulation Of Trans-Synaptic Signaling (GO:0099177)"	3.06473605615494e-05	0.00299178357281193	25.8697916666667	268.863813860415	"NRG3;GRIK1;LRRC4C;GRIA4"	"GO_Biological_Process_2023"	"Module 1"	"36"	"4"
"Potassium Ion Transport (GO:0006813)"	3.39975406001356e-05	0.00299178357281193	10.8862802641233	112.011358433364	"KCND2;KCNB2;KCNQ3;KCNQ5;KCNK2;KCNJ3"	"GO_Biological_Process_2023"	"Module 1"	"122"	"6"
"Anterograde Trans-Synaptic Signaling (GO:0098916)"	6.36634875715278e-05	0.00445465124869285	7.72603046594982	74.6481287622583	"CHRM2;GRM7;KCND2;NRXN1;KCNQ3;GRIK1;SNCA"	"GO_Biological_Process_2023"	"Module 1"	"199"	"7"
"Potassium Ion Transmembrane Transport (GO:0071805)"	6.50841903218112e-05	0.00445465124869285	9.63245086892967	92.8551781720776	"KCND2;KCNB2;KCNQ3;KCNQ5;KCNK2;KCNJ3"	"GO_Biological_Process_2023"	"Module 1"	"137"	"6"
"Heterophilic Cell-Cell Adhesion Via Plasma Membrane Cell Adhesion Molecules (GO:0007157)"	0.00010488236734037	0.00646075382816681	18.3842592592593	168.448921871362	"PTPRD;CRB1;TENM2;TENM4"	"GO_Biological_Process_2023"	"Module 1"	"49"	"4"
"Regulation Of Synapse Assembly (GO:0051963)"	0.000122761948530784	0.00680086338868877	17.6001773049645	158.494233497427	"PTPRD;NRXN1;PDLIM5;SNCA"	"GO_Biological_Process_2023"	"Module 1"	"51"	"4"
"Adenylate Cyclase-Inhibiting G Protein-Coupled Receptor Signaling Pathway (GO:0007193)"	0.000132484351727703	0.00680086338868877	17.2326388888889	153.871025679427	"CHRM2;GRM7;GRM8;OPRM1"	"GO_Biological_Process_2023"	"Module 1"	"52"	"4"
"Regulation Of Synaptic Transmission, Glutamatergic (GO:0051966)"	0.000164997737406484	0.00781835432633802	16.2165032679739	141.238913021724	"GRM7;NRXN1;GRM8;GRIK1"	"GO_Biological_Process_2023"	"Module 1"	"55"	"4"
"Synapse Organization (GO:0050808)"	0.000511131763507177	0.019618551680613	8.25981620718463	62.6001818481135	"PTPRD;CTNND2;NRXN1;LRRC4C;SNCA"	"GO_Biological_Process_2023"	"Module 1"	"131"	"5"
"Adenylate Cyclase-Inhibiting G Protein-Coupled Acetylcholine Receptor Signaling Pathway (GO:0007197)"	0.00051133277923463	0.019618551680613	81.2040816326531	615.404316417306	"CHRM2;OPRM1"	"GO_Biological_Process_2023"	"Module 1"	"7"	"2"
"Postsynaptic Density Organization (GO:0097106)"	0.00051133277923463	0.019618551680613	81.2040816326531	615.404316417306	"NRXN1;TMEM108"	"GO_Biological_Process_2023"	"Module 1"	"7"	"2"
"Mesenchymal Cell Migration (GO:0090497)"	0.000541421069107827	0.019618551680613	21.1919658727337	159.391414042061	"SEMA6A;ERBB4;SEMA6D"	"GO_Biological_Process_2023"	"Module 1"	"32"	"3"
"Regulation Of Potassium Ion Transmembrane Transport (GO:1901379)"	0.000593409864284098	0.0203078042443891	20.4845360824742	152.192426040013	"DPP10;KCNIP4;NOS1AP"	"GO_Biological_Process_2023"	"Module 1"	"33"	"3"
"Semaphorin-Plexin Signaling Pathway (GO:0071526)"	0.000648483947959066	0.021024532207515	19.8227469238444	145.516273766311	"SEMA6A;SEMA6D;PLXNA4"	"GO_Biological_Process_2023"	"Module 1"	"34"	"3"
"Neural Crest Cell Migration (GO:0001755)"	0.000768177033599937	0.0236598526348781	18.6194939081537	133.529520677171	"SEMA6A;ERBB4;SEMA6D"	"GO_Biological_Process_2023"	"Module 1"	"36"	"3"
"Chondroitin Sulfate Proteoglycan Metabolic Process (GO:0050654)"	0.000870867194754317	0.0245115712974449	57.997084548105	408.648679561366	"CSGALNACT1;XYLT1"	"GO_Biological_Process_2023"	"Module 1"	"9"	"2"
"Signal Release From Synapse (GO:0099643)"	0.000901065662717809	0.0245115712974449	17.5537555228277	123.085747538255	"NRXN1;LIN7A;SNCA"	"GO_Biological_Process_2023"	"Module 1"	"38"	"3"
"Axon Guidance (GO:0007411)"	0.000915204772469534	0.0245115712974449	7.22076023391813	50.5190577299838	"SEMA6A;SEMA6D;NRXN1;TNR;PLXNA4"	"GO_Biological_Process_2023"	"Module 1"	"149"	"5"
"Neurotransmitter Secretion (GO:0007269)"	0.00129454713089392	0.0332267096929439	15.3556701030928	102.108977171279	"NRXN1;LIN7A;SNCA"	"GO_Biological_Process_2023"	"Module 1"	"43"	"3"
"Neural Crest Cell Development (GO:0014032)"	0.00138425852269568	0.0341081299992216	14.9803872265527	98.6097568216037	"SEMA6A;ERBB4;SEMA6D"	"GO_Biological_Process_2023"	"Module 1"	"44"	"3"
"Synaptic Membrane Adhesion (GO:0099560)"	0.00158104510229119	0.0347829922504062	40.5918367346939	261.803918893847	"PTPRD;LRRC4C"	"GO_Biological_Process_2023"	"Module 1"	"12"	"2"
"G Protein-Coupled Glutamate Receptor Signaling Pathway (GO:0007216)"	0.00158104510229119	0.0347829922504062	40.5918367346939	261.803918893847	"GRM7;GRM8"	"GO_Biological_Process_2023"	"Module 1"	"12"	"2"
"Regulation Of Monooxygenase Activity (GO:0032768)"	0.00158104510229119	0.0347829922504062	40.5918367346939	261.803918893847	"NOS1AP;SNCA"	"GO_Biological_Process_2023"	"Module 1"	"12"	"2"
"Neuromuscular Process Controlling Balance (GO:0050885)"	0.00186242805035638	0.0388328271484578	36.899814471243	231.947593213754	"NRXN1;PCDH15"	"GO_Biological_Process_2023"	"Module 1"	"13"	"2"
"Positive Regulation Of Nervous System Development (GO:0051962)"	0.00189120911437294	0.0388328271484578	13.3487225459435	83.703684141881	"PTPRD;NRXN1;OPRM1"	"GO_Biological_Process_2023"	"Module 1"	"49"	"3"
"Regulation Of Epithelial Cell Migration (GO:0010632)"	0.00200467613787586	0.039834854868759	13.0640491335819	81.1574365484459	"PRKCE;DOCK1;PTPRG"	"GO_Biological_Process_2023"	"Module 1"	"50"	"3"
"Sensory Perception (GO:0007600)"	0.00212229630435684	0.0404276163207899	12.7912371134021	78.733346844315	"SCN9A;PCDH15;OPRM1"	"GO_Biological_Process_2023"	"Module 1"	"51"	"3"
"Neuron Cell-Cell Adhesion (GO:0007158)"	0.00216576516004231	0.0404276163207899	33.8231292517007	207.504274169846	"NRXN1;ASTN2"	"GO_Biological_Process_2023"	"Module 1"	"14"	"2"
"Axonogenesis (GO:0007409)"	0.00254814400163575	0.0461663736766948	5.67069312625827	33.8675910752203	"SEMA6A;SEMA6D;NRXN1;TNR;CTNNA2"	"GO_Biological_Process_2023"	"Module 1"	"188"	"5"
"Neuron Projection Development (GO:0031175)"	0.002790244936367	0.0477441911333909	5.54826906839291	32.6328430316881	"CNTNAP2;GRM7;CTNND2;TMEM108;NYAP2"	"GO_Biological_Process_2023"	"Module 1"	"192"	"5"
"Protein Localization To Membrane (GO:0072657)"	0.002790244936367	0.0477441911333909	5.54826906839291	32.6328430316881	"DPP10;NRXN1;KCNB2;KCNIP4;LIN7A"	"GO_Biological_Process_2023"	"Module 1"	"192"	"5"
"Monoatomic Cation Transmembrane Transport (GO:0098655)"	0.00288585459991214	0.0480455792850237	4.55512572533849	26.6380755194284	"KCND2;KCNB2;SCN9A;KCNQ3;KCNQ5;KCNK2"	"GO_Biological_Process_2023"	"Module 1"	"281"	"6"
"Inorganic Cation Transmembrane Transport (GO:0098662)"	0.0030409558504942	0.0492954948395902	4.50528088167764	26.1107310382891	"KCND2;KCNB2;SCN9A;KCNQ3;KCNQ5;KCNK2"	"GO_Biological_Process_2023"	"Module 1"	"284"	"6"
"Potassium Channel Complex (GO:0034705)"	2.62124346599684e-10	2.12320720745744e-08	27.2362637362637	600.891955527134	"DPP10;CNTNAP2;KCND2;KCNB2;KCNIP4;KCNQ3;GRIK1;KCNQ5;KCNJ3"	"GO_Cellular_Component_2023"	"Module 1"	"81"	"9"
"Voltage-Gated Potassium Channel Complex (GO:0008076)"	3.02212041407613e-09	1.22395876770083e-07	26.5351170568562	520.547540983557	"DPP10;CNTNAP2;KCND2;KCNB2;KCNIP4;KCNQ3;KCNQ5;KCNJ3"	"GO_Cellular_Component_2023"	"Module 1"	"73"	"8"
"Neuron Projection (GO:0043005)"	1.63972273140691e-08	4.42725137479865e-07	6.81594930023765	122.183753967445	"CHRM2;CNTNAP2;TENM2;SEMA6A;TENM4;KCNB2;SLC4A10;KLHL1;OPRM1;GRM7;SCN9A;TMEM108;CTNNA2;ADGRL2;RGS7;SNCA"	"GO_Cellular_Component_2023"	"Module 1"	"557"	"16"
"Axon (GO:0030424)"	8.82394334279332e-06	0.000178684852691565	8.69697638490399	101.215773803957	"CNTNAP2;SEMA6A;GRM7;SCN9A;TMEM108;OPRM1;CTNNA2;SNCA"	"GO_Cellular_Component_2023"	"Module 1"	"205"	"8"
"Dendrite (GO:0030425)"	6.3349479438544e-05	0.00102626156690441	6.51775638898108	63.0061333849369	"CHRM2;CNTNAP2;TENM2;GRM7;KCNB2;SLC4A10;KLHL1;OPRM1"	"GO_Cellular_Component_2023"	"Module 1"	"270"	"8"
"Adherens Junction (GO:0005912)"	0.000107467789940435	0.00128983004073524	8.75709219858156	80.0251053836293	"CRB1;CTNND2;LIN7A;CTNNA2;PDLIM5;CDH18"	"GO_Cellular_Component_2023"	"Module 1"	"150"	"6"
"Postsynaptic Density (GO:0014069)"	0.000111466793643786	0.00128983004073524	8.6962582538518	79.1514627240073	"KCND2;CTNND2;TMEM108;GRIK1;PDLIM5;GRIA4"	"GO_Cellular_Component_2023"	"Module 1"	"151"	"6"
"Asymmetric Synapse (GO:0032279)"	0.000547687961560182	0.00554534061079684	8.12993421052632	61.0542193351633	"GRM7;KCND2;CTNND2;TMEM108;PDLIM5"	"GO_Cellular_Component_2023"	"Module 1"	"133"	"5"
"Glutamatergic Synapse (GO:0098978)"	0.000632069499906534	0.0056886254991588	11.1632882882883	82.2344882230014	"PTPRD;NRG3;NOS1AP;LRRC4C"	"GO_Cellular_Component_2023"	"Module 1"	"78"	"4"
"Cell-Cell Junction (GO:0005911)"	0.000760870434505989	0.00616305051949851	5.0543526292532	36.2955461683119	"CRB1;FLRT2;CTNND2;LIN7A;CTNNA2;PDLIM5;CDH18"	"GO_Cellular_Component_2023"	"Module 1"	"299"	"7"
"Voltage-Gated Potassium Channel Activity (GO:0005249)"	2.99237097226567e-06	0.000445863274867584	17.1012075905693	217.517861130175	"KCND2;KCNB2;KCNQ3;KCNQ5;KCNK2;KCNJ3"	"GO_Molecular_Function_2023"	"Module 1"	"80"	"6"
"Voltage-Gated Monoatomic Cation Channel Activity (GO:0022843)"	3.94018606293784e-05	0.00160874743476758	14.6990363232024	149.073180206001	"KCND2;CACNA2D3;KCNQ3;KCNQ5;OPRM1"	"GO_Molecular_Function_2023"	"Module 1"	"76"	"5"
"Potassium Channel Activity (GO:0005267)"	4.75009124444948e-05	0.00160874743476758	14.1009957325747	140.372051372716	"KCND2;KCNQ3;GRIK1;KCNQ5;KCNK2"	"GO_Molecular_Function_2023"	"Module 1"	"79"	"5"
"Glutamate Receptor Activity (GO:0008066)"	6.4781775896681e-05	0.00160874743476758	47.3124504361618	456.304276754387	"GRM7;GRM8;GRIA4"	"GO_Molecular_Function_2023"	"Module 1"	"16"	"3"
"Transmembrane Receptor Protein Phosphatase Activity (GO:0019198)"	6.4781775896681e-05	0.00160874743476758	47.3124504361618	456.304276754387	"PTPRT;PTPRD;PTPRG"	"GO_Molecular_Function_2023"	"Module 1"	"16"	"3"
"Transmembrane Receptor Protein Tyrosine Phosphatase Activity (GO:0005001)"	6.4781775896681e-05	0.00160874743476758	47.3124504361618	456.304276754387	"PTPRT;PTPRD;PTPRG"	"GO_Molecular_Function_2023"	"Module 1"	"16"	"3"
"Chemorepellent Activity (GO:0045499)"	0.000227436407823654	0.00484114639510349	29.2768777614138	245.593184488819	"SEMA6A;NRG3;SEMA6D"	"GO_Molecular_Function_2023"	"Module 1"	"24"	"3"
"Adenylate Cyclase Inhibiting G Protein-Coupled Glutamate Receptor Activity (GO:0001640)"	0.000679555166686154	0.0126567149795296	67.6666666666667	493.565548173325	"GRM7;GRM8"	"GO_Molecular_Function_2023"	"Module 1"	"8"	"2"
"Outward Rectifier Potassium Channel Activity (GO:0015271)"	0.00108503842061186	0.0179634138523519	50.7448979591837	346.391771762865	"KCND2;KCNK2"	"GO_Molecular_Function_2023"	"Module 1"	"10"	"2"
"Voltage-Gated Calcium Channel Activity (GO:0005245)"	0.00167651923807447	0.0249801366473097	13.9568884723524	89.1989699333675	"SCN9A;CACNA2D3;OPRM1"	"GO_Molecular_Function_2023"	"Module 1"	"47"	"3"
"Ionotropic Glutamate Receptor Activity (GO:0004970)"	0.00283741499181759	0.0384340757982565	28.9883381924198	170.012598917729	"GRIK1;GRIA4"	"GO_Molecular_Function_2023"	"Module 1"	"16"	"2"
"Cytoplasmic Translation (GO:0002181)"	1.00810959567635e-27	1.01415825325041e-24	67.9006849315068	4220.82340670255	"RPS9;RPL41;RPL3;RPS8;RPSA;RPL8;RPL9;RPS14;RPS28;RPS29;RPL27A;RPLP2;RPL24;RPL38;RPL37;FAU;RPL18;RPS27A;RPS21;RPS24"	"GO_Biological_Process_2023"	"Module 2"	"93"	"20"
"Macromolecule Biosynthetic Process (GO:0009059)"	5.23441249536421e-23	2.6329094851682e-20	32.3877168307548	1661.62598367638	"RPS9;RPL41;RPL3;RPS8;RPSA;RPL8;RPL9;RPS14;RPS28;RPS29;RPL27A;RPL24;RPLP2;RPL38;RPL37;APOE;FAU;RPL18;RPS27A;RPS21;RPS24"	"GO_Biological_Process_2023"	"Module 2"	"183"	"21"
"Peptide Biosynthetic Process (GO:0043043)"	8.1380121828267e-23	2.72894675197455e-20	35.8007246376812	1820.92907786476	"RPS9;RPL41;RPL3;RPS8;RPSA;RPL8;RPL9;RPS14;RPS28;RPS29;RPL27A;RPL24;RPLP2;RPL38;RPL37;FAU;RPL18;RPS27A;RPS21;RPS24"	"GO_Biological_Process_2023"	"Module 2"	"158"	"20"
"Translation (GO:0006412)"	2.38336703608549e-19	5.99416809575502e-17	22.9976635514019	986.153670508752	"RPS9;RPL41;RPL3;RPS8;RPSA;RPL8;RPL9;RPS14;RPS28;RPS29;RPL27A;RPL24;RPLP2;RPL38;RPL37;FAU;RPL18;RPS27A;RPS21;RPS24"	"GO_Biological_Process_2023"	"Module 2"	"234"	"20"
"Gene Expression (GO:0010467)"	2.46992534983478e-17	4.96948980386757e-15	17.7753623188406	679.725565050174	"RPS9;RPL41;RPL3;RPS8;RPSA;RPL8;RPL9;RPS14;RPS28;RPS29;RPL27A;RPL24;RPLP2;RPL38;RPL37;FAU;RPL18;RPS27A;RPS21;RPS24"	"GO_Biological_Process_2023"	"Module 2"	"296"	"20"
"Regulation Of Neuron Death (GO:1901214)"	4.4037927331019e-07	7.38369248250086e-05	24.3633387888707	356.572799812441	"CHGA;PRNP;UBB;FAIM2;CLU;CD200"	"GO_Biological_Process_2023"	"Module 2"	"58"	"6"
"Negative Regulation Of Protein Metabolic Process (GO:0051248)"	7.39808194143573e-07	0.000106321006186919	12.3622145761652	174.515836429347	"CST3;PRNP;HSP90AB1;APOE;CALR;CLU;ATRAID;GAPDH"	"GO_Biological_Process_2023"	"Module 2"	"147"	"8"
"Ribosomal Small Subunit Biogenesis (GO:0042274)"	3.98310264026131e-06	0.00050087515701286	16.2209492635025	201.682353258569	"RPS14;RPS9;RPS28;RPS8;RPSA;RPS24"	"GO_Biological_Process_2023"	"Module 2"	"84"	"6"
"Negative Regulation Of Cell Projection Organization (GO:0031345)"	5.0074137460429e-06	0.000559717580946573	23.2222222222222	283.417724205815	"PRNP;STMN2;APOE;YWHAH;ITM2C"	"GO_Biological_Process_2023"	"Module 2"	"50"	"5"
"Regulation Of Cardiac Muscle Contraction (GO:0055117)"	2.73467047790359e-05	0.00237427054538157	26.7056451612903	280.593930904561	"CHGA;CALM3;ATP1B1;CALM1"	"GO_Biological_Process_2023"	"Module 2"	"35"	"4"
"Ribonucleoprotein Complex Biogenesis (GO:0022613)"	2.81637825402125e-05	0.00237427054538157	11.2773556231003	118.158197087931	"RPS14;RPS9;RPS28;RPS8;RPL38;RPS24"	"GO_Biological_Process_2023"	"Module 2"	"118"	"6"
"Negative Regulation Of Supramolecular Fiber Organization (GO:1902904)"	2.83213186327822e-05	0.00237427054538157	15.8165869218501	165.629649023693	"HSPA8;STMN1;STMN2;APOE;CLU"	"GO_Biological_Process_2023"	"Module 2"	"71"	"5"
"Positive Regulation Of Endocytosis (GO:0045807)"	4.75009124444948e-05	0.00367583983993552	14.1009957325747	140.372051372716	"CAMK1D;CALY;APOE;CALR;CLU"	"GO_Biological_Process_2023"	"Module 2"	"79"	"5"
"Substantia Nigra Development (GO:0021762)"	5.69121176311189e-05	0.00408954216692183	21.7785087719298	212.863194301798	"HSPA5;CALM3;CALM1;YWHAH"	"GO_Biological_Process_2023"	"Module 2"	"42"	"4"
"Negative Regulation Of Amyloid-Beta Formation (GO:1902430)"	6.4781775896681e-05	0.00434469777013741	47.3124504361618	456.304276754387	"PRNP;APOE;CLU"	"GO_Biological_Process_2023"	"Module 2"	"16"	"3"
"Ribosomal Small Subunit Assembly (GO:0000028)"	7.8378298767988e-05	0.00463815109179976	43.9307805596465	415.319994635002	"RPS14;RPS28;RPSA"	"GO_Biological_Process_2023"	"Module 2"	"17"	"3"
"Microtubule Depolymerization (GO:0007019)"	7.8378298767988e-05	0.00463815109179976	43.9307805596465	415.319994635002	"STMN1;STMN2;STMN3"	"GO_Biological_Process_2023"	"Module 2"	"17"	"3"
"Positive Regulation Of Phosphoprotein Phosphatase Activity (GO:0032516)"	9.37129144180769e-05	0.00496185220550449	41	380.286256587576	"HSP90AB1;CALM3;CALM1"	"GO_Biological_Process_2023"	"Module 2"	"18"	"3"
"Negative Regulation Of Amyloid Precursor Protein Catabolic Process (GO:1902992)"	9.37129144180769e-05	0.00496185220550449	41	380.286256587576	"PRNP;APOE;CLU"	"GO_Biological_Process_2023"	"Module 2"	"18"	"3"
"Negative Regulation Of Amide Metabolic Process (GO:0034249)"	0.00010365445103106	0.00521381888686231	11.8492822966507	108.710621626851	"PRNP;APOE;CALR;CLU;GAPDH"	"GO_Biological_Process_2023"	"Module 2"	"93"	"5"
"Regulation Of Cardiac Muscle Contraction By Calcium Ion Signaling (GO:0010882)"	0.00012997496316054	0.00622641966378589	36.1728320194057	323.680603886026	"CALM3;ATP1B1;CALM1"	"GO_Biological_Process_2023"	"Module 2"	"20"	"3"
"Positive Regulation Of Phosphatase Activity (GO:0010922)"	0.000174309995477304	0.00797072070228036	32.3619099294628	280.081821254999	"HSP90AB1;CALM3;CALM1"	"GO_Biological_Process_2023"	"Module 2"	"22"	"3"
"Regulation Of Neuron Apoptotic Process (GO:0043523)"	0.000183695697699385	0.00803469008198178	10.4210526315789	89.6442914358789	"PRNP;UBB;FAIM2;APOE;CLU"	"GO_Biological_Process_2023"	"Module 2"	"105"	"5"
"Negative Regulation Of Amyloid Precursor Protein Biosynthetic Process (GO:0042985)"	0.000245087170998512	0.010273237251021	135.353741496599	1125.31701267514	"ITM2B;ITM2C"	"GO_Biological_Process_2023"	"Module 2"	"5"	"2"
"Regulation Of Microtubule Polymerization Or Depolymerization (GO:0031110)"	0.000325124352919345	0.0116812535370307	25.6134020618557	205.708988323138	"STMN1;STMN2;STMN3"	"GO_Biological_Process_2023"	"Module 2"	"27"	"3"
"Regulation Of Peptidase Activity (GO:0052547)"	0.000325124352919345	0.0116812535370307	25.6134020618557	205.708988323138	"CST3;NDUFA13;CTSB"	"GO_Biological_Process_2023"	"Module 2"	"27"	"3"
"Positive Regulation Of Calcium Ion Transmembrane Transporter Activity (GO:1901021)"	0.000325124352919345	0.0116812535370307	25.6134020618557	205.708988323138	"CALM3;ATP1B1;CALM1"	"GO_Biological_Process_2023"	"Module 2"	"27"	"3"
"Microtubule Polymerization Or Depolymerization (GO:0031109)"	0.000325124352919345	0.0116812535370307	25.6134020618557	205.708988323138	"STMN1;STMN2;STMN3"	"GO_Biological_Process_2023"	"Module 2"	"27"	"3"
"Protein Depolymerization (GO:0051261)"	0.000362821371980509	0.0125861482831859	24.5876288659794	194.773359177925	"STMN1;STMN2;STMN3"	"GO_Biological_Process_2023"	"Module 2"	"28"	"3"
"Intracellular Monoatomic Cation Homeostasis (GO:0030003)"	0.000386369747872037	0.012956265545309	6.83950046253469	53.7496900135344	"PRNP;FTH1;HTR2C;CALR;ATP1B1;TPT1"	"GO_Biological_Process_2023"	"Module 2"	"190"	"6"
"Maturation Of SSU-rRNA From Tricistronic rRNA Transcript (SSU-rRNA, 5.8S rRNA, LSU-rRNA) (GO:0000462)"	0.00044640250260442	0.0144864812135499	22.7640320733104	175.608334527758	"RPS14;RPS8;RPS21"	"GO_Biological_Process_2023"	"Module 2"	"30"	"3"
"Regulation Of Long-Term Synaptic Potentiation (GO:1900271)"	0.000492443679830411	0.0154811981846685	21.9499263622975	167.173502753114	"PTN;APOE;NSG1"	"GO_Biological_Process_2023"	"Module 2"	"31"	"3"
"Positive Regulation Of Ryanodine-Sensitive Calcium-Release Channel Activity (GO:0060316)"	0.00051133277923463	0.0155879023003042	81.2040816326531	615.404316417306	"CALM3;CALM1"	"GO_Biological_Process_2023"	"Module 2"	"7"	"2"
"Positive Regulation Of Protein Dephosphorylation (GO:0035307)"	0.000593409864284098	0.0170562949562801	20.4845360824742	152.192426040013	"HSP90AB1;CALM3;CALM1"	"GO_Biological_Process_2023"	"Module 2"	"33"	"3"
"Regulation Of Amyloid-Beta Formation (GO:1902003)"	0.000593409864284098	0.0170562949562801	20.4845360824742	152.192426040013	"PRNP;APOE;CLU"	"GO_Biological_Process_2023"	"Module 2"	"33"	"3"
"ATP Metabolic Process (GO:0046034)"	0.000648483947959066	0.0175290384022121	19.8227469238444	145.516273766311	"HSPA8;ATP1B1;ALDOA"	"GO_Biological_Process_2023"	"Module 2"	"34"	"3"
"Negative Regulation Of Glycoprotein Biosynthetic Process (GO:0010561)"	0.000679555166686154	0.0175290384022121	67.6666666666667	493.565548173325	"ITM2B;ITM2C"	"GO_Biological_Process_2023"	"Module 2"	"8"	"2"
"Negative Regulation Of Long-Term Synaptic Potentiation (GO:1900272)"	0.000679555166686154	0.0175290384022121	67.6666666666667	493.565548173325	"APOE;PTN"	"GO_Biological_Process_2023"	"Module 2"	"8"	"2"
"Modification-Dependent Macromolecule Catabolic Process (GO:0043632)"	0.000679555166686154	0.0175290384022121	67.6666666666667	493.565548173325	"UBB;RPS27A"	"GO_Biological_Process_2023"	"Module 2"	"8"	"2"
"Negative Regulation Of Apoptotic Signaling Pathway (GO:2001234)"	0.000763307494582887	0.0191971834887596	10.5886752136752	76.0039181528157	"NDUFA13;FAIM2;CLU;SLC25A4"	"GO_Biological_Process_2023"	"Module 2"	"82"	"4"
"Positive Regulation Of Protein Kinase Activity (GO:0045860)"	0.000809879310644904	0.0192866395041301	7.42857142857143	52.8812166673373	"PRNP;HSP90AB1;CALM3;CALM1;CLU"	"GO_Biological_Process_2023"	"Module 2"	"145"	"5"
"Regulation Of Phosphoprotein Phosphatase Activity (GO:0043666)"	0.000832937363224714	0.0192866395041301	18.0709520921771	128.133027538084	"HSP90AB1;CALM3;CALM1"	"GO_Biological_Process_2023"	"Module 2"	"37"	"3"
"Regulation Of High Voltage-Gated Calcium Channel Activity (GO:1901841)"	0.000870867194754317	0.0192866395041301	57.997084548105	408.648679561366	"CALM3;CALM1"	"GO_Biological_Process_2023"	"Module 2"	"9"	"2"
"Regulation Of Tau-Protein Kinase Activity (GO:1902947)"	0.000870867194754317	0.0192866395041301	57.997084548105	408.648679561366	"HSP90AB1;CLU"	"GO_Biological_Process_2023"	"Module 2"	"9"	"2"
"Cellular Respiration (GO:0045333)"	0.000873595159610332	0.0192866395041301	10.1949588477366	71.8020093375497	"NDUFA13;NDUFA4;COX4I1;NDUFC2"	"GO_Biological_Process_2023"	"Module 2"	"85"	"4"
"Positive Regulation Of Cation Channel Activity (GO:2001259)"	0.000901065662717809	0.0192866395041301	17.5537555228277	123.085747538255	"TMSB4X;CALM3;CALM1"	"GO_Biological_Process_2023"	"Module 2"	"38"	"3"
"Maturation Of SSU-rRNA (GO:0030490)"	0.000901065662717809	0.0192866395041301	17.5537555228277	123.085747538255	"RPS14;RPS28;RPS8"	"GO_Biological_Process_2023"	"Module 2"	"38"	"3"
"protein-RNA Complex Assembly (GO:0022618)"	0.000943057893910248	0.0197649216932023	7.17059891107078	49.9531375212897	"RPS14;RPS28;HSP90AB1;RPL38;RPSA"	"GO_Biological_Process_2023"	"Module 2"	"150"	"5"
"Negative Regulation Of Protein Secretion (GO:0050709)"	0.000972629455166433	0.0199686782019884	17.0652920962199	118.356459198027	"CHGA;APOE;CD200"	"GO_Biological_Process_2023"	"Module 2"	"39"	"3"
"Negative Regulation Of Neuron Death (GO:1901215)"	0.00099466726260602	0.0200127053236331	9.82936507936508	67.9514062017993	"CHGA;APOE;CLU;CD200"	"GO_Biological_Process_2023"	"Module 2"	"88"	"4"
"Regulation Of Microtubule Cytoskeleton Organization (GO:0070507)"	0.00104769503107265	0.0206662980639037	16.6032320980775	113.917477373754	"STMN1;STMN2;STMN3"	"GO_Biological_Process_2023"	"Module 2"	"40"	"3"
"Regulation Of Amyloid Precursor Protein Biosynthetic Process (GO:0042984)"	0.00108503842061186	0.0207253461398734	50.7448979591837	346.391771762865	"ITM2B;ITM2C"	"GO_Biological_Process_2023"	"Module 2"	"10"	"2"
"Ribosome Biogenesis (GO:0042254)"	0.00109189199345258	0.0207253461398734	6.92982456140351	47.2603176998259	"RPS14;RPS9;RPS28;RPS8;RPS24"	"GO_Biological_Process_2023"	"Module 2"	"155"	"5"
"Negative Regulation Of Proteolysis (GO:0045861)"	0.00112632746020299	0.0209830634252632	16.1654910472056	109.744172047573	"CST3;PRNP;CTSB"	"GO_Biological_Process_2023"	"Module 2"	"41"	"3"
"Positive Regulation Of Neuron Projection Development (GO:0010976)"	0.00117383744593897	0.0214705540111746	9.38068181818182	63.2959350834557	"CAMK1D;STMN2;PTN;APOE"	"GO_Biological_Process_2023"	"Module 2"	"92"	"4"
"Negative Regulation Of Microtubule Polymerization (GO:0031115)"	0.0013218400851343	0.0229270883731915	45.1043083900227	298.984305122014	"STMN1;STMN2"	"GO_Biological_Process_2023"	"Module 2"	"11"	"2"
"Negative Regulation Of Nitrogen Compound Metabolic Process (GO:0051172)"	0.0013218400851343	0.0229270883731915	45.1043083900227	298.984305122014	"HSP90AB1;APOE"	"GO_Biological_Process_2023"	"Module 2"	"11"	"2"
"Regulation Of Amyloid Precursor Protein Catabolic Process (GO:1902991)"	0.0013218400851343	0.0229270883731915	45.1043083900227	298.984305122014	"PRNP;APOE"	"GO_Biological_Process_2023"	"Module 2"	"11"	"2"
"Relaxation Of Cardiac Muscle (GO:0055119)"	0.00158104510229119	0.0265088562150823	40.5918367346939	261.803918893847	"CHGA;ATP1B1"	"GO_Biological_Process_2023"	"Module 2"	"12"	"2"
"Regulation Of Cell Communication By Electrical Coupling (GO:0010649)"	0.00158104510229119	0.0265088562150823	40.5918367346939	261.803918893847	"CALM3;CALM1"	"GO_Biological_Process_2023"	"Module 2"	"12"	"2"
"Calcium Ion Homeostasis (GO:0055074)"	0.0017186513921803	0.0283436606644817	8.41921768707483	53.5985530429797	"HTR2C;CALR;ATP1B1;TPT1"	"GO_Biological_Process_2023"	"Module 2"	"102"	"4"
"Regulation Of Neuron Projection Development (GO:0010975)"	0.00181998264481777	0.0295306861401077	6.14481469947057	38.7671954402574	"CAMK1D;STMN2;APOE;PTN;ITM2C"	"GO_Biological_Process_2023"	"Module 2"	"174"	"5"
"Clathrin Coat Assembly (GO:0048268)"	0.00186242805035638	0.0297397241056907	36.899814471243	231.947593213754	"CALY;NSG1"	"GO_Biological_Process_2023"	"Module 2"	"13"	"2"
"Positive Regulation Of Hydrolase Activity (GO:0051345)"	0.0019132618463391	0.0300740846471428	6.07232994767621	38.00638353982	"NDUFA13;PSAP;CALM3;CALM1;CD200"	"GO_Biological_Process_2023"	"Module 2"	"176"	"5"
"Ribosome Assembly (GO:0042255)"	0.00200467613787586	0.0305561241621684	13.0640491335819	81.1574365484459	"RPS14;RPS28;RPSA"	"GO_Biological_Process_2023"	"Module 2"	"50"	"3"
"Positive Regulation Of Transport (GO:0051050)"	0.00200467613787586	0.0305561241621684	13.0640491335819	81.1574365484459	"CALY;APOE;ACTB"	"GO_Biological_Process_2023"	"Module 2"	"50"	"3"
"Negative Regulation Of Peptidyl-Threonine Phosphorylation (GO:0010801)"	0.00216576516004231	0.0325188022537697	33.8231292517007	207.504274169846	"CALM3;CALM1"	"GO_Biological_Process_2023"	"Module 2"	"14"	"2"
"Regulation Of Proteasomal Protein Catabolic Process (GO:0061136)"	0.00237020480089914	0.0349388664918753	12.2783505154639	74.219914290735	"HSP90AB1;UBB;APOE"	"GO_Biological_Process_2023"	"Module 2"	"53"	"3"
"Regulation Of Intrinsic Apoptotic Signaling Pathway In Response To DNA Damage (GO:1902229)"	0.00249083430520832	0.0349388664918753	31.2197802197802	187.166877082159	"CLU;TPT1"	"GO_Biological_Process_2023"	"Module 2"	"15"	"2"
"Regulation Of Amyloid-Beta Clearance (GO:1900221)"	0.00249083430520832	0.0349388664918753	31.2197802197802	187.166877082159	"APOE;CLU"	"GO_Biological_Process_2023"	"Module 2"	"15"	"2"
"Negative Regulation Of Neuron Projection Development (GO:0010977)"	0.002500594818504	0.0349388664918753	12.0369921164342	72.1163479298262	"STMN2;APOE;ITM2C"	"GO_Biological_Process_2023"	"Module 2"	"54"	"3"
"Negative Regulation Of Protein Catabolic Process (GO:0042177)"	0.002500594818504	0.0349388664918753	12.0369921164342	72.1163479298262	"CST3;HSP90AB1;ATRAID"	"GO_Biological_Process_2023"	"Module 2"	"54"	"3"
"Regulation Of Apoptotic Process (GO:0042981)"	0.00277301915681903	0.0370706426203701	3.07034372501998	18.0776269049553	"ARL6IP1;UBB;HSPA5;FAIM2;CALR;CLU;PTMA;ACTB;TPT1;CTSB"	"GO_Biological_Process_2023"	"Module 2"	"705"	"10"
"Neuron Projection Development (GO:0031175)"	0.002790244936367	0.0370706426203701	5.54826906839291	32.6328430316881	"UBB;STMN1;STMN2;STMN3;APOE"	"GO_Biological_Process_2023"	"Module 2"	"192"	"5"
"Reverse Cholesterol Transport (GO:0043691)"	0.00283741499181759	0.0370706426203701	28.9883381924198	170.012598917729	"APOE;CLU"	"GO_Biological_Process_2023"	"Module 2"	"16"	"2"
"Mitochondrial Electron Transport, Cytochrome C To Oxygen (GO:0006123)"	0.00283741499181759	0.0370706426203701	28.9883381924198	170.012598917729	"NDUFA4;COX4I1"	"GO_Biological_Process_2023"	"Module 2"	"16"	"2"
"Regulation Of Cardiac Muscle Contraction By Regulation Of The Release Of Sequestered Calcium Ion (GO:0010881)"	0.00283741499181759	0.0370706426203701	28.9883381924198	170.012598917729	"CALM3;CALM1"	"GO_Biological_Process_2023"	"Module 2"	"16"	"2"
"Positive Regulation Of Cell Projection Organization (GO:0031346)"	0.00292063617209589	0.0376687178093393	7.23172514619883	42.2040139869092	"CAMK1D;STMN2;APOE;PTN"	"GO_Biological_Process_2023"	"Module 2"	"118"	"4"
"Regulation Of Programmed Cell Death (GO:0043067)"	0.00298245401819909	0.0378606388863382	5.45983379501385	31.7489816809012	"CALR;CLU;ACTB;TPT1;CTSB"	"GO_Biological_Process_2023"	"Module 2"	"195"	"5"
"Regulation Of Protein-Containing Complex Assembly (GO:0043254)"	0.00301078639255174	0.0378606388863382	7.16847826086957	41.6169874575034	"HSPA8;HSPA5;APOE;CLU"	"GO_Biological_Process_2023"	"Module 2"	"119"	"4"
"Memory (GO:0007613)"	0.00306619730639825	0.0380814134597116	11.1593252108716	64.5825541481917	"PRNP;PTN;APOE"	"GO_Biological_Process_2023"	"Module 2"	"58"	"3"
"Regulation Of Leukocyte Chemotaxis (GO:0002688)"	0.00320528834894988	0.0380959408915642	27.0544217687075	155.372278725068	"CAMK1D;PTN"	"GO_Biological_Process_2023"	"Module 2"	"17"	"2"
"Amyloid Precursor Protein Metabolic Process (GO:0042982)"	0.00320528834894988	0.0380959408915642	27.0544217687075	155.372278725068	"NSG1;APOE"	"GO_Biological_Process_2023"	"Module 2"	"17"	"2"
"Long-Chain fatty-acyl-CoA Biosynthetic Process (GO:0035338)"	0.00320528834894988	0.0380959408915642	27.0544217687075	155.372278725068	"TECR;ACSL3"	"GO_Biological_Process_2023"	"Module 2"	"17"	"2"
"Negative Regulation Of Protein-Containing Complex Assembly (GO:0031333)"	0.00321884192423753	0.0380959408915642	10.959499263623	62.8936470466217	"HSPA8;HSPA5;CLU"	"GO_Biological_Process_2023"	"Module 2"	"59"	"3"
"Regulation Of Protein Catabolic Process (GO:0042176)"	0.00329262302177257	0.0385160320918977	6.98516949152542	39.9277230897484	"NDUFA13;UBB;APOE;ATRAID"	"GO_Biological_Process_2023"	"Module 2"	"122"	"4"
"Negative Regulation Of Peptidase Activity (GO:0010466)"	0.00337607395601961	0.0390382804569624	10.7666847531199	61.2736529352707	"CST3;GAPDH;CTSB"	"GO_Biological_Process_2023"	"Module 2"	"60"	"3"
"Negative Regulation Of Intrinsic Apoptotic Signaling Pathway (GO:2001243)"	0.00353793656963806	0.0404450476029078	10.5805190188411	59.7186883041205	"NDUFA13;CLU;TPT1"	"GO_Biological_Process_2023"	"Module 2"	"61"	"3"
"Positive Regulation Of CREB Transcription Factor Activity (GO:0032793)"	0.00359423711737408	0.0406269948323407	25.3622448979592	142.749455625051	"CAMK1D;CD200"	"GO_Biological_Process_2023"	"Module 2"	"18"	"2"
"Protein Stabilization (GO:0050821)"	0.00392730924913474	0.0438985900514394	5.1068187710656	28.2907584939411	"HSP90AB1;CALR;ATP1B1;CLU;GAPDH"	"GO_Biological_Process_2023"	"Module 2"	"208"	"5"
"Plasma Membrane Bounded Cell Projection Organization (GO:0120036)"	0.00436114226611561	0.0482121881287066	6.43619791666667	34.9808725640249	"STMN1;STMN2;STMN3;APOE"	"GO_Biological_Process_2023"	"Module 2"	"132"	"4"
"Calcium-Mediated Signaling Using Intracellular Calcium Source (GO:0035584)"	0.00443449984753605	0.0484902918111007	22.5419501133787	122.139959975335	"PRNP;CLU"	"GO_Biological_Process_2023"	"Module 2"	"20"	"2"
"Cytosolic Small Ribosomal Subunit (GO:0022627)"	6.06652434419836e-15	5.55084471932004e-13	71.2150537634409	2331.29532698347	"RPS14;RPS9;RPS28;RPS8;RPS29;RPSA;FAU;RPS27A;RPS21;RPS24"	"GO_Cellular_Component_2023"	"Module 2"	"41"	"10"
"Small Ribosomal Subunit (GO:0015935)"	7.92977817045721e-15	5.55084471932004e-13	68.9861111111111	2239.8514954387	"RPS14;RPS9;RPS28;RPS8;RPS29;RPSA;FAU;RPS27A;RPS21;RPS24"	"GO_Cellular_Component_2023"	"Module 2"	"42"	"10"
"Large Ribosomal Subunit (GO:0015934)"	8.1834346420888e-14	2.86420212473108e-12	52.5343915343915	1583.07552344449	"RPL41;RPL3;RPL27A;RPLP2;RPL24;RPL38;RPL37;RPL8;RPL18;RPL9"	"GO_Cellular_Component_2023"	"Module 2"	"52"	"10"
"Cytosolic Large Ribosomal Subunit (GO:0022625)"	8.1834346420888e-14	2.86420212473108e-12	52.5343915343915	1583.07552344449	"RPL41;RPL3;RPL27A;RPLP2;RPL24;RPL38;RPL37;RPL8;RPL18;RPL9"	"GO_Cellular_Component_2023"	"Module 2"	"52"	"10"
"Ribosome (GO:0005840)"	4.4957970100231e-13	1.25882316280647e-11	43.244008714597	1229.44720038591	"RPS9;RPL41;RPS28;RPS29;RPL24;RPL38;RPL8;RPL18;RPL9;RPS21"	"GO_Cellular_Component_2023"	"Module 2"	"61"	"10"
"Focal Adhesion (GO:0005925)"	7.03527519615522e-13	1.64156421243622e-11	11.6186793575253	325.12166333757	"HSPA8;RPS9;RPL3;HSPA5;CD81;RPS8;RPL8;RPL9;ACTB;ACTG1;RPS14;RPS29;BSG;RPLP2;RPL38;CALR;RPL18;ATP6V0C"	"GO_Cellular_Component_2023"	"Module 2"	"387"	"18"
"Polysomal Ribosome (GO:0042788)"	8.40119672724491e-13	1.68023934544898e-11	86.4347826086957	2403.3391872537	"RPL41;RPS28;RPS29;RPL24;RPL38;RPL8;RPL18;RPS21"	"GO_Cellular_Component_2023"	"Module 2"	"28"	"8"
"Cell-Substrate Junction (GO:0030055)"	9.93353502101086e-13	1.7383686286769e-11	11.3674710487158	314.170638656671	"HSPA8;RPS9;RPL3;HSPA5;CD81;RPS8;RPL8;RPL9;ACTB;ACTG1;RPS14;RPS29;BSG;RPLP2;RPL38;CALR;RPL18;ATP6V0C"	"GO_Cellular_Component_2023"	"Module 2"	"395"	"18"
"Vesicle (GO:0031982)"	2.63592990257757e-08	4.10033540400956e-07	10.8565409309791	189.46232390752	"CST3;TUBB2A;UBB;CD81;CALM3;APOE;ATP1B1;CALM1;RPS27A;GAPDH;ACTB"	"GO_Cellular_Component_2023"	"Module 2"	"235"	"11"
"Small-Subunit Processome (GO:0032040)"	1.7435855822072e-06	2.44101981509008e-05	18.8945697046682	250.533810773602	"RPS14;RPS9;RPS28;RPS8;RPS27A;RPS24"	"GO_Cellular_Component_2023"	"Module 2"	"73"	"6"
"Ficolin-1-Rich Granule (GO:0101002)"	3.98593746421645e-06	5.07301131809366e-05	9.74505928853755	121.157769173977	"CST3;HSPA8;HSP90AB1;FTH1;ALDOA;CLU;ATP6V0C;CTSB"	"GO_Cellular_Component_2023"	"Module 2"	"184"	"8"
"Ficolin-1-Rich Granule Lumen (GO:1904813)"	3.55977478623358e-05	0.000415307058393918	10.7926895799236	110.551982090569	"CST3;HSPA8;HSP90AB1;FTH1;ALDOA;CTSB"	"GO_Cellular_Component_2023"	"Module 2"	"123"	"6"
"Neuron Projection (GO:0043005)"	0.000106867697107927	0.00115088289193152	4.38107585298597	40.0602025756992	"PRNP;HSPA8;PGRMC1;UBB;STMN1;STMN2;STMN3;HTR2C;APOE;NSG1;CD200"	"GO_Cellular_Component_2023"	"Module 2"	"557"	"11"
"Azurophil Granule Membrane (GO:0035577)"	0.000202915439588285	0.00202915439588285	15.3132716049383	130.204479414623	"CD63;PSAP;NDUFC2;ATP6V0C"	"GO_Cellular_Component_2023"	"Module 2"	"58"	"4"
"Rough Endoplasmic Reticulum Membrane (GO:0030867)"	0.000245087170998512	0.00228748026265278	135.353741496599	1125.31701267514	"RPS28;RPS29"	"GO_Cellular_Component_2023"	"Module 2"	"5"	"2"
"Mitochondrial Membrane (GO:0031966)"	0.000372198955683025	0.00325674086222647	4.06079664570231	32.0643833792003	"NDUFA13;PGRMC1;UBB;NDUFA4;COX4I1;NDUFC2;ACSL3;RPS27A;CLU;SLC25A4"	"GO_Cellular_Component_2023"	"Module 2"	"540"	"10"
"Lysosomal Lumen (GO:0043202)"	0.000912726692152766	0.00731394102152004	10.0701219512195	70.4815294668184	"HSPA8;PSAP;CSPG5;CTSB"	"GO_Cellular_Component_2023"	"Module 2"	"86"	"4"
"Lysosome (GO:0005764)"	0.000940363845624005	0.00731394102152004	3.88517150865329	27.0767070126233	"HSPA8;CD63;PSAP;CSPG5;CLU;ATRAID;ATP6V0C;ITM2C;CTSB"	"GO_Cellular_Component_2023"	"Module 2"	"503"	"9"
"Azurophil Granule (GO:0042582)"	0.00109189199345258	0.00750884973468662	6.92982456140351	47.2603176998259	"CD63;TUBB2A;PSAP;NDUFC2;ATP6V0C"	"GO_Cellular_Component_2023"	"Module 2"	"155"	"5"
"Mitochondrial Respiratory Chain Complex I (GO:0005747)"	0.00112632746020299	0.00750884973468662	16.1654910472056	109.744172047573	"NDUFA13;NDUFA4;NDUFC2"	"GO_Cellular_Component_2023"	"Module 2"	"41"	"3"
"Respiratory Chain Complex I (GO:0045271)"	0.00112632746020299	0.00750884973468662	16.1654910472056	109.744172047573	"NDUFA13;NDUFA4;NDUFC2"	"GO_Cellular_Component_2023"	"Module 2"	"41"	"3"
"Endocytic Vesicle Membrane (GO:0030666)"	0.00122297418653671	0.00778256300523362	6.74846206425154	45.258355202694	"UBB;APOE;CALR;RPS27A;ATP6V0C"	"GO_Cellular_Component_2023"	"Module 2"	"159"	"5"
"Tertiary Granule (GO:0070820)"	0.0013286717299873	0.00795362433321422	6.61850486087831	43.8381668750472	"CST3;FTH1;ALDOA;CLU;ATP6V0C"	"GO_Cellular_Component_2023"	"Module 2"	"162"	"5"
"Intracellular Membrane-Bounded Organelle (GO:0043231)"	0.00136347845712244	0.00795362433321422	1.91691009412528	12.6472286966392	"IGSF8;ZCCHC12;CD63;RPL3;HSP90AB1;TECR;ZCCHC18;RPL9;CLU;ATRAID;ACTB;ACTG1;TUBA1A;UBB;FTH1;TMSB4X;BSG;PSAP;NDN;APOE;RPL18;RPS27A;PRNP;HSPA8;RPS9;CAMK1D;HSPA5;RPS8;RPSA;NSG1;TUBB2A;CALM3;CALR;CALM1;ALDOA;PTMA;GAPDH;RPS24;ITM2B;TPT1"	"GO_Cellular_Component_2023"	"Module 2"	"5175"	"40"
"Cytoplasmic Side Of Endoplasmic Reticulum Membrane (GO:0098554)"	0.00186242805035638	0.0104295970819957	36.899814471243	231.947593213754	"RPS28;RPS29"	"GO_Cellular_Component_2023"	"Module 2"	"13"	"2"
"Multivesicular Body (GO:0005771)"	0.00200467613787586	0.010752447465553	13.0640491335819	81.1574365484459	"CD63;APOE;TPT1"	"GO_Cellular_Component_2023"	"Module 2"	"50"	"3"
"Lysosomal Membrane (GO:0005765)"	0.00207368629692808	0.010752447465553	4.21656345318421	26.0517313235754	"HSPA8;CD63;PSAP;NDUFC2;CLU;ATRAID;ATP6V0C"	"GO_Cellular_Component_2023"	"Module 2"	"356"	"7"
"Dendrite (GO:0030425)"	0.00236744933821617	0.0118372466910809	4.74758220502901	28.7036072784506	"PRNP;HSPA8;HTR2C;APOE;NSG1;CLU"	"GO_Cellular_Component_2023"	"Module 2"	"270"	"6"
"Secretory Granule Membrane (GO:0030667)"	0.00278580235575384	0.0134487010277772	4.5889642272621	26.9978831294822	"CD63;PGRMC1;PSAP;NDUFC2;CLU;ATP6V0C"	"GO_Cellular_Component_2023"	"Module 2"	"279"	"6"
"Extracellular Membrane-Bounded Organelle (GO:0065010)"	0.00291809594754171	0.013617781088528	11.3665521191294	66.3445636168701	"TUBB2A;APOE;ATP1B1"	"GO_Cellular_Component_2023"	"Module 2"	"57"	"3"
"Lytic Vacuole Membrane (GO:0098852)"	0.00320221741740868	0.0139741492461235	4.4565003407284	25.5977447432303	"HSPA8;CD63;PSAP;CLU;ATRAID;ATP6V0C"	"GO_Cellular_Component_2023"	"Module 2"	"287"	"6"
"Mitochondrial Respiratory Chain Complex IV (GO:0005751)"	0.00320528834894988	0.0139741492461235	27.0544217687075	155.372278725068	"NDUFA4;COX4I1"	"GO_Cellular_Component_2023"	"Module 2"	"17"	"2"
"Extracellular Vesicle (GO:1903561)"	0.00337607395601961	0.0139741492461235	10.7666847531199	61.2736529352707	"TUBB2A;APOE;ATP1B1"	"GO_Cellular_Component_2023"	"Module 2"	"60"	"3"
"Cytoplasmic Vesicle Membrane (GO:0030659)"	0.00339372195977284	0.0139741492461235	3.8458030738051	21.8665749403984	"CD63;UBB;CSPG5;RPS27A;CLU;ATP6V0C;ITM2B"	"GO_Cellular_Component_2023"	"Module 2"	"389"	"7"
"High-Density Lipoprotein Particle (GO:0034364)"	0.00359423711737408	0.0141956130967737	25.3622448979592	142.749455625051	"APOE;CLU"	"GO_Cellular_Component_2023"	"Module 2"	"18"	"2"
"Intracellular Organelle Lumen (GO:0070013)"	0.00365030051059896	0.0141956130967737	2.78711521840303	15.6439266121655	"CST3;HSPA8;CD63;HSP90AB1;HSPA5;FTH1;CSPG5;APOE;CALR;ALDOA;CTSB"	"GO_Cellular_Component_2023"	"Module 2"	"856"	"11"
"Respiratory Chain Complex IV (GO:0045277)"	0.00400404563880334	0.0151504429576343	23.8691476590636	131.768436654952	"NDUFA4;COX4I1"	"GO_Cellular_Component_2023"	"Module 2"	"19"	"2"
"Platelet Alpha Granule Lumen (GO:0031093)"	0.00441815143673962	0.0160798589918984	9.73834069710358	52.8016133636953	"TMSB4X;ALDOA;CLU"	"GO_Cellular_Component_2023"	"Module 2"	"66"	"3"
"Asymmetric Synapse (GO:0032279)"	0.00447938929060026	0.0160798589918984	6.3859819121447	34.5371052059919	"RPS14;PRNP;RPL38;RPL8"	"GO_Cellular_Component_2023"	"Module 2"	"133"	"4"
"Endocytic Vesicle Lumen (GO:0071682)"	0.00488538725831669	0.0170988554041084	21.3544575725027	113.63788950908	"APOE;CALR"	"GO_Cellular_Component_2023"	"Module 2"	"21"	"2"
"Secretory Granule Lumen (GO:0034774)"	0.00510901851788735	0.017445429085469	4.03363074811256	21.2844528379455	"HSPA8;HSP90AB1;TUBB2A;TMSB4X;ALDOA;CLU"	"GO_Cellular_Component_2023"	"Module 2"	"316"	"6"
"Lytic Vacuole (GO:0000323)"	0.00526424662850721	0.0175474887616907	4.7518107194592	24.9318823762134	"HSPA8;PSAP;CLU;ITM2C;CTSB"	"GO_Cellular_Component_2023"	"Module 2"	"223"	"5"
"Golgi-associated Vesicle Membrane (GO:0030660)"	0.00584761959206228	0.0190387614625283	19.3187560738581	99.3316462237063	"CSPG5;ITM2B"	"GO_Cellular_Component_2023"	"Module 2"	"23"	"2"
"Endoplasmic Reticulum Membrane (GO:0005789)"	0.00675674834256075	0.0208249836139808	2.6842253125439	13.4136470200633	"ARL6IP1;UBB;HSPA5;TTYH1;DAD1;TECR;ACSL3;CALR;EMC7;RPS27A"	"GO_Cellular_Component_2023"	"Module 2"	"801"	"10"
"Endosome Lumen (GO:0031904)"	0.00688907400282997	0.0208249836139808	17.6370896184561	87.7942327571282	"CD63;CTSB"	"GO_Cellular_Component_2023"	"Module 2"	"25"	"2"
"Mitochondrial Outer Membrane (GO:0005741)"	0.00699124449897928	0.0208249836139808	5.59892290249433	27.7879957734912	"PGRMC1;UBB;ACSL3;RPS27A"	"GO_Cellular_Component_2023"	"Module 2"	"151"	"4"
"Postsynaptic Density (GO:0014069)"	0.00699124449897928	0.0208249836139808	5.59892290249433	27.7879957734912	"RPS14;PRNP;RPL38;RPL8"	"GO_Cellular_Component_2023"	"Module 2"	"151"	"4"
"Vacuolar Lumen (GO:0005775)"	0.00872289582588019	0.0254417794921505	5.23964968152866	24.8453918502608	"HSPA8;TUBB2A;PSAP;CSPG5"	"GO_Cellular_Component_2023"	"Module 2"	"161"	"4"
"Nucleus (GO:0005634)"	0.00981186955679342	0.0280339130194098	1.70806720774216	7.89838023886853	"ZCCHC12;RPL3;HSP90AB1;TECR;ZCCHC18;RPL9;CLU;ACTB;ACTG1;TUBA1A;UBB;FTH1;TMSB4X;NDN;APOE;RPL18;RPS27A;HSPA8;RPS9;CAMK1D;HSPA5;RPS8;RPSA;NSG1;TUBB2A;CALM3;CALR;CALM1;ALDOA;PTMA;GAPDH;RPS24;TPT1"	"GO_Cellular_Component_2023"	"Module 2"	"4487"	"33"
"Platelet Alpha Granule (GO:0031091)"	0.0100963507773187	0.0282697821764924	7.1256293454807	32.7464084691722	"TMSB4X;ALDOA;CLU"	"GO_Cellular_Component_2023"	"Module 2"	"89"	"3"
"Intercalated Disc (GO:0014704)"	0.0104724512850622	0.0282741868977379	13.9838142153413	63.7523090878691	"ATP1B1;YWHAH"	"GO_Cellular_Component_2023"	"Module 2"	"31"	"2"
"Organelle Outer Membrane (GO:0031968)"	0.0105027473359628	0.0282741868977379	4.95331325301205	22.5678816777749	"PGRMC1;UBB;ACSL3;RPS27A"	"GO_Cellular_Component_2023"	"Module 2"	"170"	"4"
"Mitochondrial Inner Membrane (GO:0005743)"	0.0107037993255722	0.0282741868977379	3.42576572363806	15.5432353005862	"NDUFA13;NDUFA4;COX4I1;NDUFC2;CLU;SLC25A4"	"GO_Cellular_Component_2023"	"Module 2"	"370"	"6"
"Microtubule (GO:0005874)"	0.013962599414709	0.0361993318159121	4.53936464088398	19.3893195392136	"TUBA1A;TUBB2A;CALM3;CALM1"	"GO_Cellular_Component_2023"	"Module 2"	"185"	"4"
"Organelle Inner Membrane (GO:0019866)"	0.0148881113810976	0.0378970107882484	3.17650890143291	13.3641837223887	"NDUFA13;NDUFA4;COX4I1;NDUFC2;CLU;SLC25A4"	"GO_Cellular_Component_2023"	"Module 2"	"398"	"6"
"Intracellular Non-Membrane-Bounded Organelle (GO:0043232)"	0.0160190032855545	0.0400475082138864	2.15749634980404	8.91904580257804	"RPS14;RPS9;RPL3;TUBB2A;ACSL3;RPL18;RPS27A;RPL9;CLU;GAPDH;ACTB;ACTG1"	"GO_Cellular_Component_2023"	"Module 2"	"1195"	"12"
"Endocytic Vesicle (GO:0030139)"	0.016911514443461	0.041537053019027	4.27690972222222	17.4487676078346	"UBB;APOE;CALR;RPS27A"	"GO_Cellular_Component_2023"	"Module 2"	"196"	"4"
"Late Endosome (GO:0005770)"	0.0195940449648719	0.0472959706048633	4.08354063018242	16.0586443488633	"CD63;PSAP;NSG1;TPT1"	"GO_Cellular_Component_2023"	"Module 2"	"205"	"4"
"Cytoplasmic Vesicle Lumen (GO:0060205)"	0.0200066955758207	0.0474735149256761	5.46428571428571	21.3745824016944	"HSPA8;HSP90AB1;ALDOA"	"GO_Cellular_Component_2023"	"Module 2"	"115"	"3"
"Phagocytic Vesicle Membrane (GO:0030670)"	0.0213109604144822	0.0491678058689412	9.42429995253915	36.2697365803843	"CALR;ATP6V0C"	"GO_Cellular_Component_2023"	"Module 2"	"45"	"2"
"Bounding Membrane Of Organelle (GO:0098588)"	0.0214231154143244	0.0491678058689412	2.33089133089133	8.95827917668547	"CD63;UBB;TTYH1;BSG;CSPG5;CALR;RPS27A;ATP6V0C;ITM2B"	"GO_Cellular_Component_2023"	"Module 2"	"819"	"9"
"RNA Binding (GO:0003723)"	1.85349527418619e-08	2.40954385644204e-06	4.45262145262145	79.2727249112599	"RPL3;HSP90AB1;RPL8;RPL9;RPS14;TMSB4X;RPL38;RPL37;RPL18;RPS27A;HSPA8;RPS9;RPL41;RPS8;RPSA;RPS28;CMSS1;RPL27A;RPL24;CALR;FAU;ALDOA;RPS21;RPS24;TPT1"	"GO_Molecular_Function_2023"	"Module 2"	"1411"	"25"
"Amyloid-Beta Binding (GO:0001540)"	1.36372902607511e-07	8.86423866948821e-06	20.7281959378734	327.66868418952	"CST3;PRNP;PGRMC1;APOE;CLU;ITM2B;ITM2C"	"GO_Molecular_Function_2023"	"Module 2"	"79"	"7"
"Ubiquitin Protein Ligase Binding (GO:0031625)"	1.04761153326788e-06	4.53964997749414e-05	8.36057896977437	115.116792732111	"HSPA8;HSP90AB1;TUBB2A;UBB;HSPA5;CALR;RPS27A;CLU;ATP6V0C;ACTG1"	"GO_Molecular_Function_2023"	"Module 2"	"271"	"10"
"Ubiquitin-Like Protein Ligase Binding (GO:0044389)"	1.87048237464353e-06	6.07906771759147e-05	7.81401831939466	103.061542825995	"HSPA8;HSP90AB1;TUBB2A;UBB;HSPA5;CALR;RPS27A;CLU;ATP6V0C;ACTG1"	"GO_Molecular_Function_2023"	"Module 2"	"289"	"10"
"MHC Class II Protein Complex Binding (GO:0023026)"	6.8651537777598e-06	0.000178493998221755	39.4424603174603	468.933466405576	"HSPA8;HSP90AB1;CD81;ATP1B1"	"GO_Molecular_Function_2023"	"Module 2"	"25"	"4"
"Adenylate Cyclase Regulator Activity (GO:0010854)"	0.000245087170998512	0.0053102220383011	135.353741496599	1125.31701267514	"CALM3;CALM1"	"GO_Molecular_Function_2023"	"Module 2"	"5"	"2"
"Aspartic-Type Endopeptidase Inhibitor Activity (GO:0019828)"	0.000366432168048497	0.00680516883518637	101.510204081633	803.117990717184	"PRNP;GAPDH"	"GO_Molecular_Function_2023"	"Module 2"	"6"	"2"
"Tau Protein Binding (GO:0048156)"	0.000972629455166433	0.0158052286464545	17.0652920962199	118.356459198027	"HSP90AB1;APOE;CLU"	"GO_Molecular_Function_2023"	"Module 2"	"39"	"3"
"Titin Binding (GO:0031432)"	0.00158104510229119	0.0228373181442061	40.5918367346939	261.803918893847	"CALM3;CALM1"	"GO_Molecular_Function_2023"	"Module 2"	"12"	"2"
"Endopeptidase Inhibitor Activity (GO:0004866)"	0.00241823548284816	0.02708977720046	7.6358024691358	46.0035500446402	"CST3;PRNP;PCSK1N;GAPDH"	"GO_Molecular_Function_2023"	"Module 2"	"112"	"4"
"Protein Phosphatase Activator Activity (GO:0072542)"	0.00249083430520832	0.02708977720046	31.2197802197802	187.166877082159	"CALM3;CALM1"	"GO_Molecular_Function_2023"	"Module 2"	"15"	"2"
"Oxidoreduction-Driven Active Transmembrane Transporter Activity (GO:0015453)"	0.002500594818504	0.02708977720046	12.0369921164342	72.1163479298262	"NDUFA4;COX4I1;NDUFC2"	"GO_Molecular_Function_2023"	"Module 2"	"54"	"3"
"Phosphatase Activator Activity (GO:0019211)"	0.00320528834894988	0.0311301273662967	27.0544217687075	155.372278725068	"CALM3;CALM1"	"GO_Molecular_Function_2023"	"Module 2"	"17"	"2"
"Protein Phosphatase Regulator Activity (GO:0019888)"	0.00353793656963806	0.0311301273662967	10.5805190188411	59.7186883041205	"CALM3;PTN;CALM1"	"GO_Molecular_Function_2023"	"Module 2"	"61"	"3"
"Protease Binding (GO:0002020)"	0.00359193777303424	0.0311301273662967	6.81095041322314	38.3392720475765	"CST3;PRNP;PSAP;RPS27A"	"GO_Molecular_Function_2023"	"Module 2"	"125"	"4"
"Cadherin Binding (GO:0045296)"	0.00534543447176053	0.0400100287877945	3.99435796342873	20.8965334240853	"HSPA8;HSP90AB1;HSPA5;BSG;RPL24;ALDOA"	"GO_Molecular_Function_2023"	"Module 2"	"319"	"6"
"Low-Density Lipoprotein Particle Receptor Binding (GO:0050750)"	0.00535649695773258	0.0400100287877945	20.2857142857143	106.083028567318	"APOE;CLU"	"GO_Molecular_Function_2023"	"Module 2"	"22"	"2"
"Tubulin Binding (GO:0015631)"	0.00558978993056262	0.0400100287877945	3.95583086453003	20.5181572167879	"PRNP;STMN1;STMN2;STMN3;ALDOA;GAPDH"	"GO_Molecular_Function_2023"	"Module 2"	"322"	"6"
"Disordered Domain Specific Binding (GO:0097718)"	0.00584761959206228	0.0400100287877945	19.3187560738581	99.3316462237063	"HSP90AB1;GAPDH"	"GO_Molecular_Function_2023"	"Module 2"	"23"	"2"
"mRNA 5'-UTR Binding (GO:0048027)"	0.00635854736076345	0.0413305578449624	18.4397031539889	93.2671948534304	"RPS14;RPL41"	"GO_Molecular_Function_2023"	"Module 2"	"24"	"2"
"Calcium Ion Binding (GO:0005509)"	0.00784886168148993	0.0473206293807565	3.6720901126408	17.8000410171535	"HSPA5;CALM3;CALR;CALM1;CLU;TPT1"	"GO_Molecular_Function_2023"	"Module 2"	"346"	"6"
"Lipoprotein Particle Receptor Binding (GO:0070325)"	0.00800810651058956	0.0473206293807565	16.2244897959184	78.3204947866311	"APOE;CLU"	"GO_Molecular_Function_2023"	"Module 2"	"27"	"2"
"Nervous System Development (GO:0007399)"	6.21835890958704e-05	0.0485653830838748	5.11610191752036	49.551592937937	"KIRREL3;NCKAP1;CHRM3;AHI1;ARNT2;SRRM4;MBD5;NAV2;ARHGAP26;MERTK"	"GO_Biological_Process_2023"	"Module 3"	"433"	"10"
"Axon Guidance (GO:0007411)"	2.16949810429218e-10	1.84407338864835e-07	17.6992346523368	393.831954848854	"EFNB2;NELL1;CNTN5;CNTN6;DCC;PLXNA2;NRXN3;PTPRM;UNC5C;CNTN4;DSCAML1"	"GO_Biological_Process_2023"	"Module 4"	"149"	"11"
"Neuron Projection Guidance (GO:0097485)"	1.19499705865265e-08	4.17147788221794e-06	17.0152890587673	310.402040559721	"EFNB2;NELL1;CNTN5;CNTN6;DCC;NRXN3;UNC5C;CNTN4;DSCAML1"	"GO_Biological_Process_2023"	"Module 4"	"124"	"9"
"Cell-Cell Adhesion Via Plasma-Membrane Adhesion Molecules (GO:0098742)"	1.51227182780308e-08	4.17147788221794e-06	13.5377229080933	243.774692937771	"LRFN5;NLGN1;CADM1;CNTN6;CADM2;IL1RAPL1;PTPRM;CDH13;CNTN4;DSCAML1"	"GO_Biological_Process_2023"	"Module 4"	"172"	"10"
"Homophilic Cell Adhesion Via Plasma Membrane Adhesion Molecules (GO:0007156)"	1.96304841516138e-08	4.17147788221794e-06	28.1860417934672	500.194632179993	"CADM1;CADM2;CNTN6;PTPRM;CDH13;CNTN4;DSCAML1"	"GO_Biological_Process_2023"	"Module 4"	"60"	"7"
"Regulation Of Synapse Assembly (GO:0051963)"	2.01549875409028e-07	3.42634788195347e-05	28.1631205673759	434.197278171555	"MEF2C;NLGN1;LRFN5;LRRTM3;IL1RAPL2;IL1RAPL1"	"GO_Biological_Process_2023"	"Module 4"	"51"	"6"
"Axonogenesis (GO:0007409)"	4.31033600116256e-07	6.10630933498029e-05	10.8962490023943	159.707191054781	"EFNB2;NELL1;CNTN5;CNTN6;DCC;NRXN3;UNC5C;CNTN4;DSCAML1"	"GO_Biological_Process_2023"	"Module 4"	"188"	"9"
"Regulation Of Presynapse Assembly (GO:1905606)"	1.02242927484908e-06	0.000108633110452715	69.0555555555556	952.506005361108	"LRFN5;LRRTM3;IL1RAPL2;IL1RAPL1"	"GO_Biological_Process_2023"	"Module 4"	"16"	"4"
"Regulation Of Presynapse Organization (GO:0099174)"	1.02242927484908e-06	0.000108633110452715	69.0555555555556	952.506005361108	"LRFN5;LRRTM3;IL1RAPL2;IL1RAPL1"	"GO_Biological_Process_2023"	"Module 4"	"16"	"4"
"Regulation Of Neuron Projection Development (GO:0010975)"	2.63173720825273e-06	0.000248552958557203	10.3373493975904	132.812883932212	"EFNB2;NLGN1;DCC;MAGI2;IL1RAPL1;CSMD3;TOX;PPFIA2"	"GO_Biological_Process_2023"	"Module 4"	"174"	"8"
"Regulation Of Synaptic Transmission, Glutamatergic (GO:0051966)"	8.0607185019985e-06	0.000685161072669872	20.8947368421053	245.064085311388	"MEF2C;NLGN1;SYT1;GRIN2B;GRM1"	"GO_Biological_Process_2023"	"Module 4"	"55"	"5"
"Dendrite Self-Avoidance (GO:0070593)"	2.58226944038973e-05	0.00199539002211933	68.3539518900344	722.108702744365	"CNTN6;CNTN4;DSCAML1"	"GO_Biological_Process_2023"	"Module 4"	"12"	"3"
"Neuron Cell-Cell Adhesion (GO:0007158)"	4.24153224447596e-05	0.00300441867317047	55.9203373945642	563.006006243408	"NLGN1;NRXN3;CNTN4"	"GO_Biological_Process_2023"	"Module 4"	"14"	"3"
"Nervous System Development (GO:0007399)"	6.21835890958704e-05	0.00406585005626845	5.11610191752036	49.551592937937	"NELL1;MEF2C;TRPC5;NLGN1;PLPPR1;CNTN6;IL1RAPL2;NRG1;CNTN4;DSCAML1"	"GO_Biological_Process_2023"	"Module 4"	"433"	"10"
"Central Nervous System Development (GO:0007417)"	8.79363945149918e-05	0.00533899538126736	6.20553359683794	57.9528378152175	"CNTN5;CNTN6;CADM2;IL1RAPL2;CNTN4;GRIN2B;DSCAML1;PBX1"	"GO_Biological_Process_2023"	"Module 4"	"283"	"8"
"Regulation Of Dendritic Spine Development (GO:0060998)"	0.000151087907181529	0.00856164807361996	34.1615120274914	300.540982690973	"MEF2C;NLGN1;PPFIA2"	"GO_Biological_Process_2023"	"Module 4"	"21"	"3"
"Brain Development (GO:0007420)"	0.000206049540677144	0.0109443671634904	7.72888656833312	65.5981049408093	"CNTN5;CADM2;CNTN4;GRIN2B;DSCAML1;PBX1"	"GO_Biological_Process_2023"	"Module 4"	"169"	"6"
"Positive Regulation Of Cardiac Muscle Cell Differentiation (GO:2000727)"	0.000245087170998512	0.0109443671634904	135.353741496599	1125.31701267514	"EFNB2;MEF2C"	"GO_Biological_Process_2023"	"Module 4"	"5"	"2"
"Retinal Ganglion Cell Axon Guidance (GO:0031290)"	0.000245087170998512	0.0109443671634904	135.353741496599	1125.31701267514	"NELL1;PTPRM"	"GO_Biological_Process_2023"	"Module 4"	"5"	"2"
"Positive Regulation Of Cell Junction Assembly (GO:1901890)"	0.000246742346410793	0.0109443671634904	14.5051169590643	120.496412944738	"NELL1;NLGN1;IL1RAPL1;NRG1"	"GO_Biological_Process_2023"	"Module 4"	"61"	"4"
"Positive Regulation Of Striated Muscle Cell Differentiation (GO:0051155)"	0.000257514521493891	0.0109443671634904	27.9447047797563	230.947180745545	"EFNB2;MEF2C;NRG1"	"GO_Biological_Process_2023"	"Module 4"	"25"	"3"
"Positive Regulation Of Cell Projection Organization (GO:0031346)"	0.000316251550309439	0.0128006579887154	9.21611551001397	74.2724225189788	"NLGN1;MAGI2;IL1RAPL1;PLXNA2;TOX"	"GO_Biological_Process_2023"	"Module 4"	"118"	"5"
"Regulation Of Striated Muscle Cell Differentiation (GO:0051153)"	0.000366432168048497	0.0134793940506043	101.510204081633	803.117990717184	"NRG1;HDAC9"	"GO_Biological_Process_2023"	"Module 4"	"6"	"2"
"Dendrite Arborization (GO:0140059)"	0.000366432168048497	0.0134793940506043	101.510204081633	803.117990717184	"NELL1;PHACTR1"	"GO_Biological_Process_2023"	"Module 4"	"6"	"2"
"Modulation Of Chemical Synaptic Transmission (GO:0050804)"	0.000382952932436738	0.0134793940506043	8.82337198929527	69.4187479468576	"MEF2C;NLGN1;SYT1;GRIK2;GRM1"	"GO_Biological_Process_2023"	"Module 4"	"123"	"5"
"Cellular Response To Calcium Ion (GO:0071277)"	0.000396452766194243	0.0134793940506043	12.7147435897436	99.5939972210319	"MEF2C;NLGN1;SYT1;RYR3"	"GO_Biological_Process_2023"	"Module 4"	"69"	"4"
"Anterograde Trans-Synaptic Signaling (GO:0098916)"	0.000493790034487572	0.0155226022267655	6.51758350788226	49.6209713382103	"NLGN1;SYT1;GRIK2;HTR4;GRIN2B;HCRTR2"	"GO_Biological_Process_2023"	"Module 4"	"199"	"6"
"Neuron Projection Arborization (GO:0140058)"	0.00051133277923463	0.0155226022267655	81.2040816326531	615.404316417306	"NLGN1;PHACTR1"	"GO_Biological_Process_2023"	"Module 4"	"7"	"2"
"Natural Killer Cell Differentiation (GO:0001779)"	0.00051133277923463	0.0155226022267655	81.2040816326531	615.404316417306	"TOX;PBX1"	"GO_Biological_Process_2023"	"Module 4"	"7"	"2"
"Cell Morphogenesis Involved In Neuron Differentiation (GO:0048667)"	0.000601946318497709	0.0170551456907684	11.3167808219178	83.9178033991571	"MEF2C;DCC;CNTN4;DSCAML1"	"GO_Biological_Process_2023"	"Module 4"	"77"	"4"
"Positive Regulation Of Synaptic Transmission (GO:0050806)"	0.000601946318497709	0.0170551456907684	11.3167808219178	83.9178033991571	"NLGN1;SYT1;GRIK2;GRIN2B"	"GO_Biological_Process_2023"	"Module 4"	"77"	"4"
"Glutamate Receptor Signaling Pathway (GO:0007215)"	0.000706715904482267	0.0193776941551589	19.2023195876289	139.310558994682	"GRIK2;GRIN2B;GRM1"	"GO_Biological_Process_2023"	"Module 4"	"35"	"3"
"Negative Regulation Of Endothelial Cell Migration (GO:0010596)"	0.000832937363224714	0.0205621420983658	18.0709520921771	128.133027538084	"MEF2C;PTPRM;NRG1"	"GO_Biological_Process_2023"	"Module 4"	"37"	"3"
"Neuron Projection Morphogenesis (GO:0048812)"	0.000835314977674024	0.0205621420983658	7.37551325121314	52.2754377018389	"NLGN1;DCC;CNTN4;DSCAML1;GAS7"	"GO_Biological_Process_2023"	"Module 4"	"146"	"5"
"Positive Regulation Of Cardiocyte Differentiation (GO:1905209)"	0.000870867194754317	0.0205621420983658	57.997084548105	408.648679561366	"EFNB2;MEF2C"	"GO_Biological_Process_2023"	"Module 4"	"9"	"2"
"Presynaptic Membrane Organization (GO:0097090)"	0.000870867194754317	0.0205621420983658	57.997084548105	408.648679561366	"NLGN1;IL1RAPL1"	"GO_Biological_Process_2023"	"Module 4"	"9"	"2"
"Regulation Of Cardiac Muscle Cell Differentiation (GO:2000725)"	0.000870867194754317	0.0205621420983658	57.997084548105	408.648679561366	"EFNB2;MEF2C"	"GO_Biological_Process_2023"	"Module 4"	"9"	"2"
"Response To Transforming Growth Factor Beta (GO:0071559)"	0.000901065662717809	0.0207001571164902	17.5537555228277	123.085747538255	"MEF2C;PDE3A;SOX5"	"GO_Biological_Process_2023"	"Module 4"	"38"	"3"
"Neuron Development (GO:0048666)"	0.000943057893910248	0.0210947160479924	7.17059891107078	49.9531375212897	"MEF2C;NLGN1;PTPRM;CNTN4;PBX1"	"GO_Biological_Process_2023"	"Module 4"	"150"	"5"
"Cellular Response To Growth Factor Stimulus (GO:0071363)"	0.00109189199345258	0.0237976460111459	6.92982456140351	47.2603176998259	"NELL1;MEF2C;MAGI2;PDE3A;SOX5"	"GO_Biological_Process_2023"	"Module 4"	"155"	"5"
"Cellular Response To Hormone Stimulus (GO:0032870)"	0.00127139771341329	0.0261293970317246	9.1712962962963	61.1508875642086	"MEF2C;THRB;ESR1;HCRTR2"	"GO_Biological_Process_2023"	"Module 4"	"94"	"4"
"Positive Regulation Of Cell-Matrix Adhesion (GO:0001954)"	0.00129454713089392	0.0261293970317246	15.3556701030928	102.108977171279	"NELL1;CDH13;NRG1"	"GO_Biological_Process_2023"	"Module 4"	"43"	"3"
"Positive Regulation Of Behavior (GO:0048520)"	0.0013218400851343	0.0261293970317246	45.1043083900227	298.984305122014	"MEF2C;NLGN1"	"GO_Biological_Process_2023"	"Module 4"	"11"	"2"
"Ganglion Development (GO:0061548)"	0.0013218400851343	0.0261293970317246	45.1043083900227	298.984305122014	"NELL1;UNC5C"	"GO_Biological_Process_2023"	"Module 4"	"11"	"2"
"ERBB2 Signaling Pathway (GO:0038128)"	0.00186242805035638	0.0357228388270445	36.899814471243	231.947593213754	"PTPRR;NRG1"	"GO_Biological_Process_2023"	"Module 4"	"13"	"2"
"Heterophilic Cell-Cell Adhesion Via Plasma Membrane Cell Adhesion Molecules (GO:0007157)"	0.00189120911437294	0.0357228388270445	13.3487225459435	83.703684141881	"NLGN1;CADM1;IL1RAPL1"	"GO_Biological_Process_2023"	"Module 4"	"49"	"3"
"Response To Calcium Ion (GO:0051592)"	0.00197877767422309	0.0362547812169038	8.08741830065359	50.3464107348811	"MEF2C;NLGN1;SYT1;RYR3"	"GO_Biological_Process_2023"	"Module 4"	"106"	"4"
"Negative Regulation Of Cell Projection Organization (GO:0031345)"	0.00200467613787586	0.0362547812169038	13.0640491335819	81.1574365484459	"EFNB2;DCC;GRIN2B"	"GO_Biological_Process_2023"	"Module 4"	"50"	"3"
"Cellular Response To Salt (GO:1902075)"	0.00219090583353209	0.0387972908021308	7.85515873015873	48.1005947303534	"MEF2C;NLGN1;SYT1;RYR3"	"GO_Biological_Process_2023"	"Module 4"	"109"	"4"
"Sprouting Angiogenesis (GO:0002040)"	0.0022441220665619	0.0389286480934208	12.5295602777193	76.423312366036	"EFNB2;NELL1;CDH13"	"GO_Biological_Process_2023"	"Module 4"	"52"	"3"
"Presynapse Assembly (GO:0099054)"	0.00249083430520832	0.0393712874819121	31.2197802197802	187.166877082159	"NLGN1;IL1RAPL1"	"GO_Biological_Process_2023"	"Module 4"	"15"	"2"
"Regulation Of Exocytosis (GO:0017157)"	0.002500594818504	0.0393712874819121	12.0369921164342	72.1163479298262	"CADPS2;SYT1;IL1RAPL1"	"GO_Biological_Process_2023"	"Module 4"	"54"	"3"
"Regulation Of Focal Adhesion Assembly (GO:0051893)"	0.002500594818504	0.0393712874819121	12.0369921164342	72.1163479298262	"NELL1;LIMCH1;NRG1"	"GO_Biological_Process_2023"	"Module 4"	"54"	"3"
"Negative Regulation Of Neuron Projection Development (GO:0010977)"	0.002500594818504	0.0393712874819121	12.0369921164342	72.1163479298262	"EFNB2;NLGN1;DCC"	"GO_Biological_Process_2023"	"Module 4"	"54"	"3"
"Chemical Synaptic Transmission (GO:0007268)"	0.002501234734145	0.0393712874819121	4.69352139612718	28.1187495177967	"NLGN1;SYT1;GRIK2;HTR4;GRIN2B;HCRTR2"	"GO_Biological_Process_2023"	"Module 4"	"273"	"6"
"Neuron Migration (GO:0001764)"	0.0026353413771885	0.0407280031020041	11.8049167327518	70.1063613055492	"NELL1;MEF2C;DCC"	"GO_Biological_Process_2023"	"Module 4"	"55"	"3"
"Regulation Of NMDA Receptor Activity (GO:2000310)"	0.00283741499181759	0.0430679061258028	28.9883381924198	170.012598917729	"MEF2C;NLGN1"	"GO_Biological_Process_2023"	"Module 4"	"16"	"2"
"Regulation Of Neuron Death (GO:1901214)"	0.00306619730639825	0.0457239949199739	11.1593252108716	64.5825541481917	"EFNB2;MEF2C;GRIN2B"	"GO_Biological_Process_2023"	"Module 4"	"58"	"3"
"Cell Migration Involved In Sprouting Angiogenesis (GO:0002042)"	0.00320528834894988	0.0469740533897827	27.0544217687075	155.372278725068	"EFNB2;NELL1"	"GO_Biological_Process_2023"	"Module 4"	"17"	"2"
"Neuron Projection (GO:0043005)"	1.11583358682216e-07	1.04888357161283e-05	6.3028000868244	100.89833683026	"NLGN1;PLPPR1;CNTN5;CADM1;SYT1;CNTN6;MAGI2;HTR4;GRIN2B;NELL1;IL1RAPL1;MAP7;CDH13;CNTN4;DSCAML1"	"GO_Cellular_Component_2023"	"Module 4"	"557"	"15"
"Glutamatergic Synapse (GO:0098978)"	2.57838866323431e-06	0.000121184267172013	17.5780141843972	226.199966817528	"CADPS2;NLGN1;LRFN5;LRRTM3;IL1RAPL2;IL1RAPL1"	"GO_Cellular_Component_2023"	"Module 4"	"78"	"6"
"Postsynaptic Specialization Membrane (GO:0099634)"	3.81116028676401e-05	0.00119416355651939	24.3455882352941	247.716160294751	"NLGN1;GRIK2;GRIN2B;GRM1"	"GO_Cellular_Component_2023"	"Module 4"	"38"	"4"
"Axon (GO:0030424)"	7.6735167940951e-05	0.00180327644661235	7.48962745736939	70.9653469112827	"NELL1;CNTN5;SYT1;CNTN6;MAP7;CNTN4;DSCAML1"	"GO_Cellular_Component_2023"	"Module 4"	"205"	"7"
"Postsynaptic Density Membrane (GO:0098839)"	0.000648483947959066	0.0121914982216304	19.8227469238444	145.516273766311	"GRIK2;GRIN2B;GRM1"	"GO_Cellular_Component_2023"	"Module 4"	"34"	"3"
"Postsynaptic Density (GO:0014069)"	0.000971537165044435	0.0152207489190295	7.1211247296323	49.3966148005217	"NLGN1;MAGI2;GRIK2;GRIN2B;GRM1"	"GO_Cellular_Component_2023"	"Module 4"	"151"	"5"
"Cation Channel Complex (GO:0034703)"	0.00237020480089914	0.0318284644692171	12.2783505154639	74.219914290735	"TRPC5;KCNAB1;RYR3"	"GO_Cellular_Component_2023"	"Module 4"	"53"	"3"
"Calcium Channel Complex (GO:0034704)"	0.00321884192423753	0.037821392609791	10.959499263623	62.8936470466217	"TRPC5;PDE4B;RYR3"	"GO_Cellular_Component_2023"	"Module 4"	"59"	"3"
"GABA-ergic Synapse (GO:0098982)"	0.00400404563880334	0.0418200322275015	23.8691476590636	131.768436654952	"NLGN1;LRFN5"	"GO_Cellular_Component_2023"	"Module 4"	"19"	"2"
"Cell Adhesion Mediator Activity (GO:0098631)"	1.09846321890329e-05	0.00172458725367816	34.5069444444444	394.035258785632	"CNTN5;CNTN6;CNTN4;DSCAML1"	"GO_Molecular_Function_2023"	"Module 4"	"28"	"4"
"Cell-Cell Adhesion Mediator Activity (GO:0098632)"	6.25094236149621e-05	0.00490698975377452	21.2190170940171	205.404185721514	"CNTN5;CNTN6;CNTN4;DSCAML1"	"GO_Molecular_Function_2023"	"Module 4"	"43"	"4"
"Exocytic Vesicle Membrane (GO:0099501)"	0.000142752355958971	0.00798637132051818	16.8801020408163	149.463162098515	"RAB3B;SV2C;MYOF;SYNDIG1"	"GO_Cellular_Component_2023"	"Module 5"	"53"	"4"
"Synaptic Vesicle Membrane (GO:0030672)"	0.000153584063856119	0.00798637132051818	16.5416666666667	145.256717081136	"RAB3B;SV2C;MYOF;SYNDIG1"	"GO_Cellular_Component_2023"	"Module 5"	"54"	"4"
"Glutamate Receptor Binding (GO:0035254)"	9.37129144180769e-05	0.0143380759059658	41	380.286256587576	"IGSF11;GNAS;SYNDIG1"	"GO_Molecular_Function_2023"	"Module 5"	"18"	"3"
"Intracellular Membrane-Bounded Organelle (GO:0043231)"	2.64427862075029e-05	0.00216830846901524	2.35566188197767	24.8299180703993	"KDM5B;SETD5;GSK3B;NFAT5;GGNBP2;PSMD14;ZDHHC20;NAB1;FAF1;USP34;OTUD7A;FMN2;NR3C1;DCAF6;MTDH;ECPAS;ATAD2B;NIPBL;UBE2Q2;PPP2R5E;UBR5;NSD2;CAMTA1;RNF111;MDN1;RBM6;CDK17;RNGTT;DTNB;SFMBT1;DENND4C;TCF12;GBF1;MRTFA;ASH1L;PIAS2;PTK2;ETV5;RABEP1;NR6A1;BIRC6;TRIP12;BRWD1;ATF6;DGKH"	"GO_Cellular_Component_2023"	"Module 6"	"5175"	"45"
"Nucleus (GO:0005634)"	5.84373040246179e-05	0.00239592946500933	2.31661794468181	22.5813633885015	"KDM5B;SETD5;GSK3B;NFAT5;GGNBP2;PSMD14;NAB1;FAF1;USP34;OTUD7A;FMN2;NR3C1;DCAF6;MTDH;ECPAS;ATAD2B;NIPBL;UBE2Q2;PPP2R5E;UBR5;NSD2;CAMTA1;RNF111;MDN1;RBM6;CDK17;RNGTT;DTNB;SFMBT1;TCF12;MRTFA;ASH1L;PIAS2;PTK2;ETV5;NR6A1;BIRC6;TRIP12;BRWD1;ATF6"	"GO_Cellular_Component_2023"	"Module 6"	"4487"	"40"
"Autophagosome Membrane (GO:0000421)"	0.000706715904482267	0.019316901389182	19.2023195876289	139.310558994682	"VMP1;UVRAG;WDFY3"	"GO_Cellular_Component_2023"	"Module 6"	"35"	"3"
"NF-kappaB Binding (GO:0051059)"	0.000290049387363004	0.026406154820882	26.7283729269386	217.714875120753	"GSK3B;FAF1;MTDH"	"GO_Molecular_Function_2023"	"Module 6"	"26"	"3"
"Actin Binding (GO:0003779)"	0.000316241375100383	0.026406154820882	7.11251352326001	57.3197805579015	"SPTBN4;MRTFA;ABL2;FMN2;SSH2;PTK2"	"GO_Molecular_Function_2023"	"Module 6"	"183"	"6"
"Non-Membrane Spanning Protein Tyrosine Kinase Activity (GO:0004715)"	0.000768177033599937	0.0427618548703965	18.6194939081537	133.529520677171	"PEAK1;ABL2;PTK2"	"GO_Molecular_Function_2023"	"Module 6"	"36"	"3"
"Estrogen Response Element Binding (GO:0034056)"	0.00108503842061186	0.0453003540605451	50.7448979591837	346.391771762865	"NR6A1;NR3C1"	"GO_Molecular_Function_2023"	"Module 6"	"10"	"2"
"Synaptic Transmission, GABAergic (GO:0051932)"	5.66670786216051e-07	0.000307702236915316	82.875	1192.03151212597	"GABRB2;GABRA3;GABRG2;GABRG1"	"GO_Biological_Process_2023"	"Module 7"	"14"	"4"
"Synapse Assembly (GO:0007416)"	1.47877845473108e-06	0.000401488350459489	19.4779050736498	261.477127707438	"GABRB2;DSCAM;NRCAM;SRGAP3;GABRG2;SHANK2"	"GO_Biological_Process_2023"	"Module 7"	"71"	"6"
"Gamma-Aminobutyric Acid Signaling Pathway (GO:0007214)"	2.68032106892716e-06	0.000485138113475816	51.78125	664.331377070821	"GABRB2;GABRA3;GABRG2;GABRG1"	"GO_Biological_Process_2023"	"Module 7"	"20"	"4"
"Chloride Transmembrane Transport (GO:1902476)"	4.078931571008e-06	0.000553714960764336	24.3047735618115	301.614352363676	"GABRB2;GABRA3;ANO5;GABRG2;GABRG1"	"GO_Biological_Process_2023"	"Module 7"	"48"	"5"
"Monoatomic Anion Transmembrane Transport (GO:0098656)"	7.35694218211305e-06	0.000798963920977477	21.3222341568206	252.025954305667	"GABRB2;GABRA3;ANO5;GABRG2;GABRG1"	"GO_Biological_Process_2023"	"Module 7"	"54"	"5"
"Inorganic Anion Transmembrane Transport (GO:0098661)"	1.57800160031975e-05	0.00142809144828937	18.005444646098	199.081992290351	"GABRB2;GABRA3;ANO5;GABRG2;GABRG1"	"GO_Biological_Process_2023"	"Module 7"	"63"	"5"
"Inhibitory Synapse Assembly (GO:1904862)"	3.34476846171919e-05	0.00252887813020205	61.5154639175258	633.949335404614	"GABRB2;SRGAP3;GABRG2"	"GO_Biological_Process_2023"	"Module 7"	"13"	"3"
"Neuron Projection Guidance (GO:0097485)"	3.72578730048185e-05	0.00252887813020205	10.700685178507	109.121813100856	"EPHA5;ROBO2;RPS6KA5;DSCAM;FEZ1;NRCAM"	"GO_Biological_Process_2023"	"Module 7"	"124"	"6"
"Chloride Transport (GO:0006821)"	4.19721730027379e-05	0.00253232110449852	14.4941520467836	146.079365130669	"GABRB2;GABRA3;ANO5;GABRG2;GABRG1"	"GO_Biological_Process_2023"	"Module 7"	"77"	"5"
"Nervous System Development (GO:0007399)"	6.21835890958704e-05	0.00337656888790576	5.11610191752036	49.551592937937	"ROBO2;TENM1;DSCAM;FEZ1;ADAM23;NRCAM;BRINP3;FGF12;SHANK2;ROBO1"	"GO_Biological_Process_2023"	"Module 7"	"433"	"10"
"Chemical Synaptic Transmission (GO:0007268)"	6.84408892123562e-05	0.00337849116748267	6.44298605414274	61.7852732358784	"GRIA1;GABRB2;CACNB4;DLG2;GABRA3;AMPH;GABRG2;GABRG1"	"GO_Biological_Process_2023"	"Module 7"	"273"	"8"
"Axon Guidance (GO:0007411)"	0.000103583694241939	0.00468716216444774	8.81877696771314	80.9134306933582	"EPHA5;ROBO2;RPS6KA5;DSCAM;FEZ1;NRCAM"	"GO_Biological_Process_2023"	"Module 7"	"149"	"6"
"Cell Junction Assembly (GO:0034329)"	0.00011465277565068	0.00478895824448611	11.5847953216374	105.115825929315	"CDH4;DSCAM;CDH10;NRCAM;SHANK2"	"GO_Biological_Process_2023"	"Module 7"	"95"	"5"
"Cell-Cell Adhesion Via Plasma-Membrane Adhesion Molecules (GO:0098742)"	0.000226615472094533	0.00837831559428685	7.58805434503973	63.6808940923706	"ROBO2;TENM1;CDH4;DSCAM;CDH10;ROBO1"	"GO_Biological_Process_2023"	"Module 7"	"172"	"6"
"Homophilic Cell Adhesion Via Plasma Membrane Adhesion Molecules (GO:0007156)"	0.00023144518216262	0.00837831559428685	14.764880952381	123.599291667272	"ROBO2;CDH4;DSCAM;ROBO1"	"GO_Biological_Process_2023"	"Module 7"	"60"	"4"
"Axonogenesis (GO:0007409)"	0.00036520175311869	0.010944391700692	6.91536123451017	54.7355033030354	"EPHA5;ROBO2;RPS6KA5;DSCAM;FEZ1;NRCAM"	"GO_Biological_Process_2023"	"Module 7"	"188"	"6"
"Long-Term Synaptic Depression (GO:0060292)"	0.000366432168048497	0.010944391700692	101.510204081633	803.117990717184	"SLC24A2;SHANK2"	"GO_Biological_Process_2023"	"Module 7"	"6"	"2"
"Cellular Response To Histamine (GO:0071420)"	0.000366432168048497	0.010944391700692	101.510204081633	803.117990717184	"GABRB2;GABRG2"	"GO_Biological_Process_2023"	"Module 7"	"6"	"2"
"Modulation Of Chemical Synaptic Transmission (GO:0050804)"	0.000382952932436738	0.010944391700692	8.82337198929527	69.4187479468576	"GRIA1;RIMS1;MCTP1;CLSTN2;CAMK2A"	"GO_Biological_Process_2023"	"Module 7"	"123"	"5"
"Negative Regulation Of Cell Motility (GO:2000146)"	0.000547687961560182	0.0148697281563589	8.12993421052632	61.0542193351633	"MCTP1;DPYSL3;SPOCK3;SRGAP3;ROBO1"	"GO_Biological_Process_2023"	"Module 7"	"133"	"5"
"Positive Regulation Of Synaptic Transmission (GO:0050806)"	0.000601946318497709	0.0154670947367675	11.3167808219178	83.9178033991571	"SLC24A2;RIMS1;CLSTN2;SHANK2"	"GO_Biological_Process_2023"	"Module 7"	"77"	"4"
"Potassium Ion Transmembrane Transport (GO:0071805)"	0.000626659455264981	0.0154670947367675	7.88197767145136	58.130431050787	"SLC24A2;KCNT2;KCNH7;KCNN2;KCNN3"	"GO_Biological_Process_2023"	"Module 7"	"137"	"5"
"Regulation Of Postsynaptic Membrane Potential (GO:0060078)"	0.000706715904482267	0.0166846407014726	19.2023195876289	139.310558994682	"GABRA3;GABRG2;GABRG1"	"GO_Biological_Process_2023"	"Module 7"	"35"	"3"
"Response To Histamine (GO:0034776)"	0.000870867194754317	0.0195711461942308	57.997084548105	408.648679561366	"GABRB2;GABRG2"	"GO_Biological_Process_2023"	"Module 7"	"9"	"2"
"Regulation Of Neurotransmitter Secretion (GO:0046928)"	0.000901065662717809	0.0195711461942308	17.5537555228277	123.085747538255	"RIMS1;MCTP1;CAMK2A"	"GO_Biological_Process_2023"	"Module 7"	"38"	"3"
"Actin Crosslink Formation (GO:0051764)"	0.0013218400851343	0.0276061217779972	45.1043083900227	298.984305122014	"DPYSL3;GAS2"	"GO_Biological_Process_2023"	"Module 7"	"11"	"2"
"Aorta Development (GO:0035904)"	0.00216576516004231	0.0435559437741843	33.8231292517007	207.504274169846	"ROBO2;ROBO1"	"GO_Biological_Process_2023"	"Module 7"	"14"	"2"
"Negative Regulation Of Synaptic Transmission (GO:0050805)"	0.00249083430520832	0.0483043938474327	31.2197802197802	187.166877082159	"SLC24A2;SHANK2"	"GO_Biological_Process_2023"	"Module 7"	"15"	"2"
"Neuron Projection (GO:0043005)"	3.39970943804197e-11	2.95774721109652e-09	8.44182844554592	203.488130914388	"EPHA5;GRIA1;GABRB2;TENM1;DSCAM;CAMK2A;GABRA3;ANK2;GABRG2;GABRG1;ROBO1;RPH3A;DLG2;NSG2;FEZ1;NRCAM;KCNN3;BRINP3;SHANK2"	"GO_Cellular_Component_2023"	"Module 7"	"557"	"19"
"GABA-A Receptor Complex (GO:1902711)"	1.70588085794879e-06	7.42058173207723e-05	59.1845238095238	786.055047821626	"GABRB2;GABRA3;GABRG2;GABRG1"	"GO_Cellular_Component_2023"	"Module 7"	"18"	"4"
"Asymmetric Synapse (GO:0032279)"	4.69810558274099e-06	0.000136245061899489	11.8124253285544	144.918982430899	"GRIA1;RNF112;DLG2;IQSEC3;SRGAP3;ADD3;SHANK2"	"GO_Cellular_Component_2023"	"Module 7"	"133"	"7"
"Postsynaptic Density (GO:0014069)"	1.08257948320561e-05	0.000191132600089172	10.3264635603345	118.068435474157	"GRIA1;RNF112;DLG2;IQSEC3;SRGAP3;ADD3;SHANK2"	"GO_Cellular_Component_2023"	"Module 7"	"151"	"7"
"Dendrite Membrane (GO:0032590)"	1.09846321890329e-05	0.000191132600089172	34.5069444444444	394.035258785632	"GRIA1;GABRA3;GABRG2;GABRG1"	"GO_Cellular_Component_2023"	"Module 7"	"28"	"4"
"Dendrite (GO:0030425)"	6.3349479438544e-05	0.000918567451858887	6.51775638898108	63.0061333849369	"EPHA5;GRIA1;DSCAM;NSG2;GABRA3;BRINP3;GABRG2;GABRG1"	"GO_Cellular_Component_2023"	"Module 7"	"270"	"8"
"Adherens Junction (GO:0005912)"	0.000943057893910248	0.0117208623957417	7.17059891107078	49.9531375212897	"CDH4;DLG2;CDH10;CCDC85A;FRMD4A"	"GO_Cellular_Component_2023"	"Module 7"	"150"	"5"
"Cell-Cell Junction (GO:0005911)"	0.00391187877162544	0.0425416816414266	4.27136736620434	23.6793395132347	"CDH4;DLG2;CDH10;CCDC85A;EPB41L3;FRMD4A"	"GO_Cellular_Component_2023"	"Module 7"	"299"	"6"
"GABA-gated Chloride Ion Channel Activity (GO:0022851)"	2.8238186983048e-07	3.95334617762672e-05	103.604166666667	1562.35140664825	"GABRB2;GABRA3;GABRG2;GABRG1"	"GO_Molecular_Function_2023"	"Module 7"	"12"	"4"
"Chloride Channel Activity (GO:0005254)"	7.9626038631297e-07	4.7764664022566e-05	21.8363903154806	306.655844535137	"GABRB2;KCNT2;GABRA3;ANO5;GABRG2;GABRG1"	"GO_Molecular_Function_2023"	"Module 7"	"64"	"6"
"Transmitter-Gated Monoatomic Ion Channel Activity (GO:0022824)"	1.61784357056159e-06	4.7764664022566e-05	29.8721804511278	398.328093650392	"GRIA1;GABRB2;GABRA3;GABRG2;GABRG1"	"GO_Molecular_Function_2023"	"Module 7"	"40"	"5"
"GABA-A Receptor Activity (GO:0004890)"	1.70588085794879e-06	4.7764664022566e-05	59.1845238095238	786.055047821626	"GABRB2;GABRA3;GABRG2;GABRG1"	"GO_Molecular_Function_2023"	"Module 7"	"18"	"4"
"Ligand-Gated Monoatomic Anion Channel Activity (GO:0099095)"	1.70588085794879e-06	4.7764664022566e-05	59.1845238095238	786.055047821626	"GABRB2;GABRA3;GABRG2;GABRG1"	"GO_Molecular_Function_2023"	"Module 7"	"18"	"4"
"GABA Receptor Activity (GO:0016917)"	3.2983007697773e-06	7.69603512948037e-05	48.7328431372549	615.110972401274	"GABRB2;GABRA3;GABRG2;GABRG1"	"GO_Molecular_Function_2023"	"Module 7"	"21"	"4"
"Benzodiazepine Receptor Activity (GO:0008503)"	9.96771633068282e-06	0.000199354326613656	102.546391752577	1180.94055786943	"GABRA3;GABRG2;GABRG1"	"GO_Molecular_Function_2023"	"Module 7"	"9"	"3"
"Extracellular Ligand-Gated Monoatomic Ion Channel Activity (GO:0005230)"	1.41879072463859e-05	0.000248288376811754	87.8924889543446	981.154450387806	"GABRA3;GABRG2;GABRG1"	"GO_Molecular_Function_2023"	"Module 7"	"10"	"3"
"Inhibitory Extracellular Ligand-Gated Monoatomic Ion Channel Activity (GO:0005237)"	3.34476846171919e-05	0.000520297316267429	61.5154639175258	633.949335404614	"GABRA3;GABRG2;GABRG1"	"GO_Molecular_Function_2023"	"Module 7"	"13"	"3"
"Inward Rectifier Potassium Channel Activity (GO:0005242)"	0.000290049387363004	0.00406069142308206	26.7283729269386	217.714875120753	"KCNH7;KCNN2;KCNN3"	"GO_Molecular_Function_2023"	"Module 7"	"26"	"3"
"Voltage-Gated Potassium Channel Activity (GO:0005249)"	0.000695498319411124	0.00885179679250522	10.8684210526316	79.0230065976379	"KCNT2;KCNH7;KCNN2;KCNN3"	"GO_Molecular_Function_2023"	"Module 7"	"80"	"4"
"Calcium-Activated Potassium Channel Activity (GO:0015269)"	0.0013218400851343	0.0154214676599002	45.1043083900227	298.984305122014	"KCNN2;KCNN3"	"GO_Molecular_Function_2023"	"Module 7"	"11"	"2"
"Calcium-Dependent Phospholipid Binding (GO:0005544)"	0.00167651923807447	0.0180548225638789	13.9568884723524	89.1989699333675	"RPH3A;CPNE8;MCTP1"	"GO_Molecular_Function_2023"	"Module 7"	"47"	"3"
"Monoatomic Anion Channel Activity (GO:0005253)"	0.00237020480089914	0.0237020480089914	12.2783505154639	74.219914290735	"GABRB2;ANO5;GABRG2"	"GO_Molecular_Function_2023"	"Module 7"	"53"	"3"
"Chloride Transmembrane Transporter Activity (GO:0015108)"	0.0026353413771885	0.024596519520426	11.8049167327518	70.1063613055492	"GABRB2;ANO5;GABRG2"	"GO_Molecular_Function_2023"	"Module 7"	"55"	"3"
"Glutamate Receptor Binding (GO:0035254)"	0.00359423711737408	0.0314495747770232	25.3622448979592	142.749455625051	"CAMK2A;SHANK2"	"GO_Molecular_Function_2023"	"Module 7"	"18"	"2"
"High Voltage-Gated Calcium Channel Activity (GO:0008331)"	0.00584761959206228	0.0455457635712059	19.3187560738581	99.3316462237063	"CACNB4;SCN1A"	"GO_Molecular_Function_2023"	"Module 7"	"23"	"2"
"Phosphatidylinositol-4,5-Bisphosphate Binding (GO:0005546)"	0.00585588388772647	0.0455457635712059	8.76141384388807	45.0363685681287	"RPH3A;FRMPD4;PLCB1"	"GO_Molecular_Function_2023"	"Module 7"	"73"	"3"
"Ligand-Gated Monoatomic Cation Channel Activity (GO:0099094)"	0.00631213688567951	0.0465104823155333	8.51718213058419	43.1419208970586	"KCNH7;KCNN2;KCNN3"	"GO_Molecular_Function_2023"	"Module 7"	"75"	"3"
"RNA Processing (GO:0006396)"	1.60712362735612e-13	8.48561275244029e-11	20.4377218934911	602.078123273032	"RBM39;SRSF1;LSM5;SRRM1;PABPN1;HNRNPA2B1;DHX15;SRSF2;LUC7L3;PPIG;HNRNPH3;SRSF5;SRSF7;SRSF9"	"GO_Biological_Process_2023"	"Module 8"	"183"	"14"
"mRNA Splicing, Via Spliceosome (GO:0000398)"	1.13761942987367e-12	3.00331529486648e-10	17.5079949238579	481.506334046842	"YTHDC1;SRSF1;LSM5;SRRM1;PNN;HNRNPA2B1;DHX15;SRSF2;RSRP1;SRSF3;HNRNPH3;SRSF5;SRSF7;SRSF9"	"GO_Biological_Process_2023"	"Module 8"	"211"	"14"
"RNA Splicing, Via Transesterification Reactions With Bulged Adenosine As Nucleophile (GO:0000377)"	2.62310845764259e-12	4.61667088545095e-10	18.9699859540179	505.866185885296	"YTHDC1;SRSF1;LSM5;SRRM1;PNN;HNRNPA2B1;DHX15;SRSF2;SRSF3;HNRNPH3;SRSF5;SRSF7;SRSF9"	"GO_Biological_Process_2023"	"Module 8"	"180"	"13"
"mRNA Processing (GO:0006397)"	2.34948393551391e-11	3.10131879487836e-09	15.7339843989927	385.077315384719	"YTHDC1;SRSF1;LSM5;SRRM1;PNN;HNRNPA2B1;DHX15;SRSF2;SRSF3;HNRNPH3;SRSF5;SRSF7;SRSF9"	"GO_Biological_Process_2023"	"Module 8"	"214"	"13"
"Regulation Of RNA Splicing (GO:0043484)"	1.21063521753248e-09	1.2784307897143e-07	22.557495256167	463.153213979173	"CLK1;RBM39;ENY2;YTHDC1;SRSF1;SRSF3;CCNL2;HNRNPH3;SRRM1"	"GO_Biological_Process_2023"	"Module 8"	"102"	"9"
"mRNA Splice Site Recognition (GO:0006376)"	3.99128196928502e-09	3.51232813297081e-07	58.9416996047431	1139.8825680783	"YTHDC1;SRSF1;LUC7L3;SRSF5;LUC7L2;SRSF9"	"GO_Biological_Process_2023"	"Module 8"	"29"	"6"
"mRNA Metabolic Process (GO:0016071)"	6.28982986707658e-09	4.74432881402348e-07	23.95530051344	452.379843618078	"SRSF1;HNRNPA2B1;DHX15;SRSF2;SRSF5;LSM5;SRSF7;SRSF9"	"GO_Biological_Process_2023"	"Module 8"	"85"	"8"
"Spliceosomal Complex Assembly (GO:0000245)"	1.6085649277983e-08	1.06165285234688e-06	29.0401253918495	521.134874769115	"YTHDC1;SRSF1;RSRP1;LUC7L3;SRSF5;LUC7L2;SRSF9"	"GO_Biological_Process_2023"	"Module 8"	"62"	"7"
"RNA Splicing (GO:0008380)"	3.94521267537171e-07	2.31452476955141e-05	17.5198938992042	258.341221126748	"DHX15;SRSF2;LUC7L3;PPIG;HNRNPH3;SRSF7;SRRM1"	"GO_Biological_Process_2023"	"Module 8"	"98"	"7"
"mRNA Export From Nucleus (GO:0006406)"	4.56075245130108e-07	2.40807729428697e-05	24.1680194805195	352.867779291506	"ENY2;CHTOP;PABPN1;YTHDC1;HNRNPA2B1;SRSF3"	"GO_Biological_Process_2023"	"Module 8"	"62"	"6"
"protein-RNA Complex Assembly (GO:0022618)"	5.35760434225834e-07	2.571650084284e-05	12.9472649852604	186.953052052175	"YTHDC1;SRSF1;RSRP1;LUC7L3;SRSF5;RPL6;LUC7L2;SRSF9"	"GO_Biological_Process_2023"	"Module 8"	"150"	"8"
"Regulation Of mRNA Splicing, Via Spliceosome (GO:0048024)"	5.35437444084319e-06	0.0002355924753971	15.3548553719008	186.371041563257	"RBM39;YTHDC1;SRSF3;SRSF7;SRRM1;SRSF9"	"GO_Biological_Process_2023"	"Module 8"	"94"	"6"
"mRNA Transport (GO:0051028)"	7.75165631785536e-06	0.000314836502755972	21.0440958236167	247.638586590226	"CHTOP;YTHDC1;PEG10;HNRNPA2B1;SRSF3"	"GO_Biological_Process_2023"	"Module 8"	"58"	"5"
"Regulation Of mRNA Processing (GO:0050684)"	2.14260175655606e-05	0.000808066948186858	28.494623655914	306.342980546174	"RBM39;YTHDC1;SRSF3;SRRM1"	"GO_Biological_Process_2023"	"Module 8"	"35"	"4"
"Regulation Of RNA Metabolic Process (GO:0051252)"	6.96338599908304e-05	0.00245111187167723	12.9474784426444	123.936625010053	"CLK1;ENY2;SRSF1;CCNL2;HNRNPH3"	"GO_Biological_Process_2023"	"Module 8"	"91"	"5"
"Gene Expression (GO:0010467)"	7.74619399940455e-05	0.0025562440198035	6.33656330749354	59.9801583576037	"RBM39;CHTOP;PABPN1;YTHDC1;HNRNPA2B1;SRSF3;HNRNPH3;RPL6"	"GO_Biological_Process_2023"	"Module 8"	"296"	"8"
"Protein Peptidyl-Prolyl Isomerization (GO:0000413)"	0.000145115943222375	0.00450713047184789	34.5060728744939	304.963896597035	"PPIG;PPID;NKTR"	"GO_Biological_Process_2023"	"Module 8"	"22"	"3"
"RNA Export From Nucleus (GO:0006405)"	0.000248775935743276	0.00729742744846944	14.4590163934426	119.994768658104	"CHTOP;YTHDC1;HNRNPA2B1;SRSF3"	"GO_Biological_Process_2023"	"Module 8"	"65"	"4"
"Peptidyl-Proline Modification (GO:0018208)"	0.00027097438782168	0.00753023561946563	27.3104395604396	224.31391985029	"PPIG;PPID;NKTR"	"GO_Biological_Process_2023"	"Module 8"	"27"	"3"
"Primary miRNA Processing (GO:0031053)"	0.00139890426715547	0.0369310726529044	43.2521739130435	284.256142254044	"HNRNPA2B1;SRSF3"	"GO_Biological_Process_2023"	"Module 8"	"12"	"2"
"Negative Regulation Of mRNA Splicing, Via Spliceosome (GO:0048025)"	0.00191702601384806	0.0481995112053227	36.0398550724638	225.500661218483	"SRSF7;SRSF9"	"GO_Biological_Process_2023"	"Module 8"	"14"	"2"
"Intracellular Membrane-Bounded Organelle (GO:0043231)"	0.000679233753349163	0.0407454096701162	2.03918861512319	14.8749535823731	"CCNT2;TFRC;DCUN1D5;YTHDC1;MAGED1;STXBP2;SRSF1;PHB2;RPL6;EMG1;PABPN1;DPH3;DHX15;CCNL2;HMGN3;GPRASP2;RREB1;SRSF11;ILKAP;NKTR;CHTOP;RING1;UBE2B;GAA;LSM5;ATG12;SRRM1;CLK1;IFT20;MED21;HNRNPA2B1;SRSF2;RSRP1;LUC7L3;ZSCAN26;PPIG;HNRNPH3;SRSF7;PPID"	"GO_Cellular_Component_2023"	"Module 8"	"5175"	"39"
"Nucleus (GO:0005634)"	0.000806839795447845	0.0407454096701162	2.05921543545464	14.6665260107055	"CCNT2;DCUN1D5;YTHDC1;MAGED1;STXBP2;SRSF1;PHB2;RPL6;EMG1;PABPN1;DPH3;DHX15;CCNL2;HMGN3;GPRASP2;RREB1;SRSF11;ILKAP;NKTR;CHTOP;RING1;UBE2B;LSM5;SRRM1;CLK1;MED21;HNRNPA2B1;SRSF2;RSRP1;LUC7L3;ZSCAN26;PPIG;HNRNPH3;SRSF7;PPID"	"GO_Cellular_Component_2023"	"Module 8"	"4487"	"35"
"U2-type Prespliceosome (GO:0071004)"	0.00220519923867267	0.0494562996983954	33.2658862876254	203.485344525499	"LUC7L3;LUC7L2"	"GO_Cellular_Component_2023"	"Module 8"	"15"	"2"
"Prespliceosome (GO:0071010)"	0.00220519923867267	0.0494562996983954	33.2658862876254	203.485344525499	"LUC7L3;LUC7L2"	"GO_Cellular_Component_2023"	"Module 8"	"15"	"2"
"Spliceosomal snRNP Complex (GO:0097525)"	0.00244833166823739	0.0494562996983954	12.1196581196581	72.8676075662541	"LUC7L3;LSM5;LUC7L2"	"GO_Cellular_Component_2023"	"Module 8"	"57"	"3"
"RNA Binding (GO:0003723)"	1.25627557286208e-13	1.23115006140484e-11	6.60577409707845	196.227523594205	"TFRC;YTHDC1;SRSF1;ZCCHC9;RPL6;PNN;EMG1;PABPN1;PEG10;DHX15;SRSF11;PNISR;RBM39;MRPS26;CHTOP;PRPF38B;ZRANB2;RSRC2;LSM5;SRRM1;HNRNPA2B1;SRSF2;LUC7L3;SRSF3;PPIG;HNRNPH3;SRSF5;SREK1;SRSF7;LUC7L2;SRSF9"	"GO_Molecular_Function_2023"	"Module 8"	"1411"	"31"
"mRNA Binding (GO:0003729)"	5.51959917096355e-05	0.00270460359377214	6.6650823289764	65.3486009791356	"CHTOP;YTHDC1;PEG10;SRSF1;HNRNPA2B1;LUC7L3;SRSF7;LUC7L2"	"GO_Molecular_Function_2023"	"Module 8"	"282"	"8"
"Cyclosporin A Binding (GO:0016018)"	0.000166316004305828	0.00543298947399039	32.7791208791209	285.231484598471	"PPIG;PPID;NKTR"	"GO_Molecular_Function_2023"	"Module 8"	"23"	"3"
"N6-methyladenosine-containing RNA Binding (GO:1990247)"	0.000959656201021932	0.0235115769250373	54.070652173913	375.733472322039	"YTHDC1;HNRNPA2B1"	"GO_Molecular_Function_2023"	"Module 8"	"10"	"2"
"G Protein-Coupled Purinergic Nucleotide Receptor Activity (GO:0045028)"	0.000870867194754317	0.0496394301009961	57.997084548105	408.648679561366	"P2RY12;P2RY14"	"GO_Molecular_Function_2023"	"Module 9"	"9"	"2"
"Asymmetric Synapse (GO:0032279)"	0.000547687961560182	0.0346514922199182	8.12993421052632	61.0542193351633	"GAP43;RPS27;ADGRA1;HOMER1;CPEB4"	"GO_Cellular_Component_2023"	"Module 10"	"133"	"5"
"Nucleus (GO:0005634)"	0.00066789368496051	0.0346514922199182	2.0390583199572	14.9083333826511	"BTG3;MIDN;BTG2;BTG1;CREM;DUSP16;ZC3H12C;NFIL3;TRA2A;HIVEP1;ARIH2;PIP5K1A;HIVEP2;IP6K1;JUNB;KPNA1;TLE4;JUN;ZFHX2;PEG3;PRMT2;IFRD1;STAT3;SMARCA5;FOS;AZIN1;FOSL2;MAPK10;NR4A1;PER1;CLIP1;RPS27;NR4A3;SIK1;SIK2;CPEB4;TAF1"	"GO_Cellular_Component_2023"	"Module 10"	"4487"	"37"
"Postsynaptic Density (GO:0014069)"	0.000971537165044435	0.0346514922199182	7.1211247296323	49.3966148005217	"GAP43;RPS27;ADGRA1;HOMER1;CPEB4"	"GO_Cellular_Component_2023"	"Module 10"	"151"	"5"
"Purine Ribonucleoside Triphosphate Binding (GO:0035639)"	0.000135590404542252	0.0205868519714432	4.63376251788269	41.2676956213556	"RAP1B;MFHAS1;RRAD;SMARCA5;RRAS2;SIK1;SIK2;RAB6A;GEM;MARK1"	"GO_Molecular_Function_2023"	"Module 10"	"476"	"10"
"GTP Binding (GO:0005525)"	0.00052054463738924	0.0205868519714432	6.45008183306056	48.7667139110864	"RAP1B;MFHAS1;RRAD;RRAS2;RAB6A;GEM"	"GO_Molecular_Function_2023"	"Module 10"	"201"	"6"
"cAMP Response Element Binding Protein Binding (GO:0008140)"	0.000679555166686154	0.0205868519714432	67.6666666666667	493.565548173325	"CREM;SIK1"	"GO_Molecular_Function_2023"	"Module 10"	"8"	"2"
"Nuclear Glucocorticoid Receptor Binding (GO:0035259)"	0.000679555166686154	0.0205868519714432	67.6666666666667	493.565548173325	"NR4A1;NR4A3"	"GO_Molecular_Function_2023"	"Module 10"	"8"	"2"
"cAMP Response Element Binding (GO:0035497)"	0.000870867194754317	0.0205868519714432	57.997084548105	408.648679561366	"JUN;NR4A3"	"GO_Molecular_Function_2023"	"Module 10"	"9"	"2"
"Guanyl Ribonucleotide Binding (GO:0032561)"	0.000959818160226747	0.0205868519714432	5.70986460348163	39.6765170631437	"RAP1B;MFHAS1;RRAD;RRAS2;RAB6A;GEM"	"GO_Molecular_Function_2023"	"Module 10"	"226"	"6"
"DNA Binding (GO:0003677)"	0.00104527367916438	0.0205868519714432	3.11739699149771	21.3961810980461	"NR4A1;PER1;JUN;RNF11;RPS27;NR4A3;STAT3;CREM;SMARCA5;HIVEP2;JUNB;TAF1"	"GO_Molecular_Function_2023"	"Module 10"	"846"	"12"
"RNA Polymerase II Transcription Regulatory Region Sequence-Specific DNA Binding (GO:0000977)"	0.00109742298688646	0.0205868519714432	2.72581429265921	18.5758535831941	"JUN;ZFHX2;STAT3;CREM;FOS;FOSL2;NPAS4;NR4A1;PER1;NR4A3;NFIL3;HIVEP1;HIVEP2;JUNB;TAF1"	"GO_Molecular_Function_2023"	"Module 10"	"1225"	"15"
"Cis-Regulatory Region Sequence-Specific DNA Binding (GO:0000987)"	0.00110947106432927	0.0205868519714432	2.82571011756629	19.2257696547318	"JUN;ZFHX2;STAT3;CREM;FOS;FOSL2;NPAS4;NR4A1;PER1;NR4A3;NFIL3;HIVEP1;HIVEP2;JUNB"	"GO_Molecular_Function_2023"	"Module 10"	"1098"	"14"
"RNA Polymerase II Cis-Regulatory Region Sequence-Specific DNA Binding (GO:0000978)"	0.00136270774699585	0.0227572193748307	2.76097724792209	18.2177052851581	"JUN;ZFHX2;STAT3;CREM;FOS;FOSL2;NPAS4;NR4A1;PER1;NR4A3;NFIL3;HIVEP1;HIVEP2;JUNB"	"GO_Molecular_Function_2023"	"Module 10"	"1122"	"14"
"DNA-binding Transcription Activator Activity, RNA Polymerase II-specific (GO:0001228)"	0.00182417964332256	0.0276943636758971	4.3172516002901	27.2272864571339	"NPAS4;NR4A1;JUN;NR4A3;STAT3;FOS;FOSL2"	"GO_Molecular_Function_2023"	"Module 10"	"348"	"7"
"Transcription Cis-Regulatory Region Binding (GO:0000976)"	0.00260382061255521	0.0341874986978792	3.62642284008211	21.5800279942867	"NPAS4;PER1;JUN;NFIL3;STAT3;CREM;FOS;FOSL2"	"GO_Molecular_Function_2023"	"Module 10"	"474"	"8"
"Nuclear Receptor Binding (GO:0016922)"	0.00266130229384689	0.0341874986978792	7.4283033033033	44.0419622980018	"NR4A1;NR4A3;PRMT2;TAF1"	"GO_Molecular_Function_2023"	"Module 10"	"115"	"4"
"DNA-binding Transcription Factor Binding (GO:0140297)"	0.0029368797749677	0.035032780172829	4.53839037927845	26.4606655877499	"JUN;STAT3;CREM;SIK1;FOS;TAF1"	"GO_Molecular_Function_2023"	"Module 10"	"282"	"6"
"R-SMAD Binding (GO:0070412)"	0.00400404563880334	0.0445783747786772	23.8691476590636	131.768436654952	"JUN;FOS"	"GO_Molecular_Function_2023"	"Module 10"	"19"	"2"
"Tau-Protein Kinase Activity (GO:0050321)"	0.00443449984753605	0.0452732096352901	22.5419501133787	122.139959975335	"ROCK2;MARK1"	"GO_Molecular_Function_2023"	"Module 10"	"20"	"2"
"GDP Binding (GO:0019003)"	0.00460865008263432	0.0452732096352901	9.58569587628866	51.5693211554	"RAP1B;RRAS2;GEM"	"GO_Molecular_Function_2023"	"Module 10"	"67"	"3"
